PointID,Year,Site_ID,X,Y,Habitat
1,2010,LF1,812338.3,810962.4,Lowland forest
2,2010,LF2,835419.6,814927.1,Lowland forest
3,2010,LF3,835654.0,814404.5,Lowland forest
4,2010,LF4,835481.2,814019.3,Lowland forest
5,2010,LF5,835460.8,814194.3,Lowland forest
6,2010,LF6,835343.0,814173.5,Lowland forest
7,2010,LF7,835161.5,813934.0,Lowland forest
8,2010,LF8,834909.5,813478.7,Lowland forest
9,2010,LF9,834540.1,812977.4,Lowland forest
10,2010,LF10,838313.3,816086.3,Lowland forest
11,2010,LF11,843788.0,825547.5,Lowland forest
12,2010,LF12,843941.8,825106.8,Lowland forest
13,2010,LF13,844004.1,824622.1,Lowland forest
14,2010,LF14,844530.9,822414.5,Lowland forest
15,2010,LF15,843941.6,823159.6,Lowland forest
16,2010,LF16,842866.8,829342.2,Lowland forest
17,2010,LF17,842661.5,830062.4,Lowland forest
18,2010,LF18,833609.8,837899.1,Lowland forest
19,2010,LF19,833436.6,838163.7,Lowland forest
20,2010,LF20,834255.2,839645.9,Lowland forest
21,2010,LF21,848717.5,818236.0,Lowland forest
22,2010,LF22,848294.8,817716.3,Lowland forest
23,2010,LF23,847909.8,816976.3,Lowland forest
24,2010,LF24,832178.7,836026.3,Lowland forest
25,2010,LF25,832010.8,836150.8,Lowland forest
26,2010,LF26,831826.2,836093.9,Lowland forest
27,2010,LF27,831820.9,836213.1,Lowland forest
28,2010,LF28,832399.2,835629.8,Lowland forest
29,2010,LF29,833413.1,834974.2,Lowland forest
30,2010,LF30,833513.7,834853.1,Lowland forest
31,2010,LF31,833467.8,834587.5,Lowland forest
32,2010,LF32,841119.9,810894.2,Lowland forest
33,2010,LF33,843353.7,811824.1,Lowland forest
34,2010,LF34,843643.8,811990.2,Mixed shrubland
35,2010,LF35,841743.7,812342.6,Lowland forest
36,2010,LF36,841814.9,812232.1,Lowland forest
37,2010,LF37,842029.0,812172.5,Lowland forest
38,2010,LF38,842394.6,811615.0,Mixed shrubland
39,2010,LF39,842748.2,810537.6,Mixed shrubland
40,2010,LF40,840518.7,810277.5,Lowland forest
41,2010,LF41,841006.1,811216.3,Lowland forest
42,2010,LF42,840715.7,811286.5,Lowland forest
43,2010,LF43,841844.9,828599.5,Lowland forest
44,2010,LF44,834184.3,828274.2,Plantation
45,2010,MSh1,812476.6,811696.7,Lowland forest
46,2010,MSh2,812501.8,811119.1,Mixed shrubland
47,2010,MSh3,811247.4,809960.8,Mixed shrubland
48,2010,MSh4,811329.8,810042.3,Mixed shrubland
49,2010,MSh5,811007.0,809714.8,Mixed shrubland
50,2010,MSh6,810844.8,809661.3,Mixed shrubland
51,2010,MSh7,809296.0,809124.0,Mixed shrubland
52,2010,MSh8,835636.8,814807.2,Lowland forest
53,2010,MSh9,835009.5,813647.5,Mixed shrubland
54,2010,MSh10,834763.7,813405.4,Mixed shrubland
55,2010,MSh11,837952.3,815649.1,Mixed shrubland
56,2010,MSh12,837952.8,815697.4,Mixed shrubland
57,2010,MSh13,838017.4,815713.6,Mixed shrubland
58,2010,MSh14,838238.0,816166.6,Mixed shrubland
59,2010,MSh15,838367.2,816614.9,Mixed shrubland
60,2010,MSh16,842387.3,829862.5,Mixed shrubland
61,2010,MSh17,849279.7,818791.3,Mixed shrubland
62,2010,MSh18,849364.7,818125.5,Mixed shrubland
63,2010,MSh19,848692.4,818580.6,Mixed shrubland
64,2010,MSh20,832397.9,838416.2,Plantation
65,2010,MSh21,832013.3,837936.1,Mixed shrubland
66,2010,MSh22,833708.0,839517.6,Lowland forest
67,2010,MSh23,819190.3,826390.0,Lowland forest
68,2010,MSh24,819531.0,825318.8,Lowland forest
69,2010,MSh25,819713.7,826961.1,Mixed shrubland
70,2010,MSh26,819214.8,826663.2,Mixed shrubland
71,2010,MSh27,819790.1,826584.1,Mixed shrubland
72,2010,MSh28,818840.3,826658.9,Mixed shrubland
73,2010,MSh29,820239.7,826058.8,Mixed shrubland
74,2010,MSh30,820247.6,825376.2,Mixed shrubland
75,2010,MSh31,820432.2,825377.9,Mixed shrubland
76,2010,MSh32,827667.0,824145.8,Mixed shrubland
77,2010,MSh33,810748.6,826323.5,Plantation
78,2010,MSh34,810958.2,826083.2,Plantation
79,2010,MSh35,814075.5,826686.3,Shrubby grassland
80,2010,MSh36,814366.8,826771.8,Lowland forest
81,2010,MSh37,813494.0,827915.0,Mixed shrubland
82,2010,MSh38,841153.9,810654.7,Mixed shrubland
83,2010,MSh39,841277.9,810529.3,Mixed shrubland
84,2010,MSh40,841493.6,810552.6,Mixed shrubland
85,2010,MSh41,840589.5,810204.3,Mixed shrubland
86,2010,MSh42,840888.0,811165.2,Mixed shrubland
87,2010,MSh43,819354.6,835348.9,Plantation
88,2010,MSh44,823808.2,835896.3,Mixed shrubland
89,2010,MSh45,841190.1,829836.2,Mixed shrubland
90,2010,MSh46,841301.9,829524.9,Lowland forest
91,2010,MSh47,841939.5,828645.9,Mixed shrubland
92,2010,MSh48,840771.6,829418.0,Mixed shrubland
93,2010,MSh49,847468.9,815719.1,Mixed shrubland
94,2010,MSh50,848031.9,814756.8,Mixed shrubland
95,2010,MSh51,823739.4,826735.2,Mixed shrubland
96,2010,MSh53,838656.7,836548.7,Plantation
97,2010,MSh54,820302.6,836501.4,Mixed shrubland
98,2010,MSh55,842534.4,843525.8,Mixed shrubland
99,2010,FW1,841279.6,836936.9,Grassland
100,2010,FW7,825823.8,838853.8,Grassland
101,2010,FW9,825786.0,840602.4,Grassland
102,2010,FW17,833687.0,843443.5,Grassland
103,2010,FW18,834380.5,842734.5,Grassland
104,2010,FW22,834144.8,842426.3,Shrubby grassland
105,2010,FW28,831670.7,840901.3,Grassland
106,2010,FW29,823655.1,833332.0,Grassland
107,2010,FW37,829622.1,810782.0,Mixed shrubland
108,2010,FW38,829924.8,809211.2,Mixed shrubland
109,2010,FW40,832789.3,806859.7,Shrubby grassland
110,2010,FW47,817238.0,836661.8,Grassland
111,2010,FW48,817156.4,836722.2,Shrubby grassland
112,2010,FW52,815219.8,834636.3,Mixed shrubland
113,2010,FW69,832102.0,844407.2,Grassland
114,2010,FW70,832305.0,844744.4,Mixed shrubland
115,2010,FW76,833650.5,844391.3,Grassland
116,2010,FW78,833760.9,844699.6,Grassland
117,2010,FW82,833546.6,845641.3,Grassland
118,2010,FW83,833725.8,845904.3,Grassland
119,2010,FW87,840621.6,845012.8,Mixed shrubland
120,2010,FW88,840390.1,844750.6,Grassland
121,2010,P1,840034.8,828656.5,Plantation
122,2010,P2,847780.7,815029.8,Grassland
123,2010,P3,847676.2,815065.1,Shrubby grassland
124,2010,P4,847571.6,815168.3,Grassland
125,2010,P5,847371.8,816073.0,Plantation
126,2010,P6,823680.0,826252.1,Mixed shrubland
127,2010,P7,823624.8,826366.2,Shrubby grassland
128,2010,P8,823632.0,826574.9,Shrubby grassland
129,2010,P9,823663.9,826663.5,Shrubby grassland
130,2010,P10,823279.8,827363.5,Plantation
131,2010,P11,823121.3,827201.4,Plantation
132,2010,P12,822983.4,826944.2,Plantation
133,2010,P13,823753.7,827330.1,Plantation
134,2010,P14,823989.9,827424.2,Plantation
135,2010,P15,824715.2,827421.8,Plantation
136,2010,P16,824973.8,827259.0,Plantation
137,2010,P17,825272.9,827512.9,Plantation
138,2010,P18,825537.3,827800.4,Plantation
139,2010,P19,825424.0,828061.8,Plantation
140,2010,P20,828130.5,829460.3,Plantation
141,2010,P21,827757.9,829025.3,Plantation
142,2010,P22,827271.4,828703.5,Plantation
143,2010,P23,827143.7,829125.3,Plantation
144,2010,P24,826889.4,829161.3,Plantation
145,2010,P25,826697.9,829013.6,Plantation
146,2010,P26,826494.9,828793.7,Plantation
147,2010,P27,826071.0,828611.2,Plantation
148,2010,P28,825710.0,828589.3,Plantation
149,2010,P29,825677.6,828222.7,Plantation
150,2010,P30,825505.4,828178.9,Plantation
151,2010,P31,825223.9,828229.7,Plantation
152,2010,P32,825227.4,828673.8,Plantation
153,2010,P33,826137.0,828791.1,Lowland forest
154,2010,P34,840614.7,837560.3,Mixed shrubland
155,2010,P35,833059.2,827653.2,Plantation
156,2010,P36,833031.7,827891.3,Plantation
157,2010,P37,832729.5,826808.3,Plantation
158,2010,P38,833470.2,827092.9,Plantation
159,2010,P39,833676.0,827223.6,Lowland forest
160,2010,P40,834833.6,828544.8,Plantation
161,2010,P41,835159.7,828741.7,Plantation
162,2010,P42,835254.1,828920.1,Plantation
163,2010,P43,835328.4,828331.9,Plantation
164,2010,SG1,812470.6,810751.4,Shrubby grassland
165,2010,SG3,809494.3,809047.7,Shrubby grassland
166,2010,SG4,809534.9,809092.8,Shrubby grassland
167,2010,SG5,809622.3,809100.6,Shrubby grassland
168,2010,SG7,838508.0,816666.3,Shrubby grassland
169,2010,SG8,838789.8,816510.2,Mixed shrubland
170,2010,SG9,838611.1,816324.1,Mixed shrubland
171,2010,SG10,844633.6,825312.3,Lowland forest
172,2010,SG11,844431.8,825295.6,Shrubby grassland
173,2010,SG12,844110.1,825488.3,Shrubby grassland
174,2010,SG13,844710.7,822761.1,Shrubby grassland
175,2010,SG14,844762.6,821561.4,Shrubby grassland
176,2010,SG15,842366.3,829847.6,Shrubby grassland
177,2010,SG16,849325.4,818259.2,Shrubby grassland
178,2010,SG17,831896.3,838305.6,Mixed shrubland
179,2010,SG18,833762.6,838868.1,Shrubby grassland
180,2010,SG19,834068.0,839772.9,Shrubby grassland
181,2010,SG20,833965.7,839953.9,Shrubby grassland
182,2010,SG21,833202.0,839351.8,Lowland forest
183,2010,SG22,819271.4,826976.3,Shrubby grassland
184,2010,SG23,819159.7,826918.1,Shrubby grassland
185,2010,SG24,818837.0,826815.5,Shrubby grassland
186,2010,SG25,818658.6,826855.2,Shrubby grassland
187,2010,SG26,818211.4,826590.1,Shrubby grassland
188,2010,SG27,817797.9,826525.9,Shrubby grassland
189,2010,SG28,817298.1,826558.1,Mixed shrubland
190,2010,SG29,817258.7,826633.4,Mixed shrubland
191,2010,SG30,819937.6,826879.6,Shrubby grassland
192,2010,SG31,819888.0,827172.3,Mixed shrubland
193,2010,SG32,819671.2,826427.5,Shrubby grassland
194,2010,SG33,819755.6,826260.2,Shrubby grassland
195,2010,SG34,819817.8,826072.4,Shrubby grassland
196,2010,SG35,827457.1,824087.8,Plantation
197,2010,SG36,827119.9,824079.6,Plantation
198,2010,SG37,827247.5,823550.5,Plantation
199,2010,SG38,827466.3,823352.1,Shrubby grassland
200,2010,SG39,827633.0,823329.9,Shrubby grassland
201,2010,SG40,828081.1,822855.5,Shrubby grassland
202,2010,SG41,828657.1,822995.7,Mixed shrubland
203,2010,SG42,828507.8,822937.0,Mixed shrubland
204,2010,SG43,828375.9,822840.0,Mixed shrubland
205,2010,SG44,828645.9,822469.3,Plantation
206,2010,SG45,810912.5,826320.0,Shrubby grassland
207,2010,SG46,816295.5,828521.8,Shrubby grassland
208,2010,SG47,816346.5,828684.8,Shrubby grassland
209,2010,SG48,816358.7,828896.7,Shrubby grassland
210,2010,SG49,816444.5,828437.7,Shrubby grassland
211,2010,SG50,816897.0,828387.9,Shrubby grassland
212,2010,SG51,813660.5,827860.8,Shrubby grassland
213,2010,SG52,813303.4,827652.8,Shrubby grassland
214,2010,SG53,813934.3,827518.1,Shrubby grassland
215,2010,SG54,813132.0,827411.1,Shrubby grassland
216,2010,SG55,813212.1,827889.5,Shrubby grassland
217,2010,SG56,813248.6,828080.2,Shrubby grassland
218,2010,SG57,813412.6,827788.7,Shrubby grassland
219,2010,SG58,816240.1,828253.6,Shrubby grassland
220,2010,SG59,814792.0,828127.8,Mixed shrubland
221,2010,SG60,816267.6,828173.8,Mixed shrubland
222,2010,SG61,816372.8,827953.4,Mixed shrubland
223,2010,SG62,816382.3,827653.7,Mixed shrubland
224,2010,SG63,816406.3,827111.5,Mixed shrubland
225,2010,SG64,816382.7,826926.3,Mixed shrubland
226,2010,SG65,846646.1,833888.8,Shrubby grassland
227,2010,SG66,816668.6,829519.6,Shrubby grassland
228,2010,SG68,816958.0,830219.0,Shrubby grassland
229,2010,SG69,816571.4,829486.2,Shrubby grassland
230,2010,SG70,816138.5,833624.4,Shrubby grassland
231,2010,SG71,816064.8,833486.3,Shrubby grassland
232,2010,SG72,815895.1,833471.1,Shrubby grassland
233,2010,SG73,841410.5,810279.3,Mixed shrubland
234,2010,SG74,841401.7,810926.3,Shrubby grassland
235,2010,SG75,843702.5,812328.3,Mixed shrubland
236,2010,SG76,843142.1,809490.1,Shrubby grassland
237,2010,SG77,823814.8,835748.1,Shrubby grassland
238,2010,SG78,824336.6,835423.4,Shrubby grassland
239,2010,SG79,824648.2,835304.1,Shrubby grassland
240,2010,SG80,824664.8,834880.9,Shrubby grassland
241,2010,SG81,841152.5,829262.9,Shrubby grassland
242,2010,SG82,841424.8,829051.3,Shrubby grassland
243,2010,SG83,841924.5,828637.8,Shrubby grassland
244,2010,SG84,841755.9,829042.3,Mixed shrubland
245,2010,SG85,841742.4,829090.9,Shrubby grassland
246,2010,SG86,840416.4,828475.0,Mixed shrubland
247,2010,SG87,840269.8,828625.2,Mixed shrubland
248,2010,SG88,841346.7,829945.6,Shrubby grassland
249,2010,SG89,841821.8,829771.1,Shrubby grassland
250,2010,SG90,841854.7,829695.8,Mixed shrubland
251,2010,SG91,847362.7,815478.2,Shrubby grassland
252,2010,SG92,847305.6,815650.8,Shrubby grassland
253,2010,SG93,848039.8,814820.4,Shrubby grassland
254,2010,SG94,824832.5,830142.2,Mixed shrubland
255,2010,SG95,824352.3,829749.1,Mixed shrubland
256,2010,SG96,824466.4,830693.2,Shrubby grassland
257,2010,SG97,824042.1,831242.2,Shrubby grassland
258,2010,SG98,824181.5,831437.2,Shrubby grassland
259,2010,SS26,855237.4,821655.5,Lowland forest
260,2010,SS28,855234.8,821871.3,Mixed shrubland
261,2010,C8,819318.6,835492.1,Grassland
262,2010,C9,819389.5,835589.6,Shrubby grassland
263,2010,C10,819495.5,835666.3,Mixed shrubland
264,2010,C23,824688.0,834855.1,Shrubby grassland
265,2010,C24,824803.2,834988.7,Shrubby grassland
266,2010,C26,820637.1,832318.2,Shrubby grassland
267,2010,C27,820730.6,831789.1,Shrubby grassland
268,2010,C32,841519.8,836946.9,Bare rock
269,2010,C42,826549.2,840941.8,Grassland
270,2010,C65,834386.2,842660.7,Grassland
271,2010,C66,830582.6,842411.8,Bare rock
272,2010,C72,834098.8,842499.8,Shrubby grassland
273,2010,M32,840653.0,845079.8,Mixed shrubland
274,2020,Pil01_12,840803.2,836572.9,Bare rock/ soil
275,2020,Pil02_02,842583.7,838144.1,Woodland
276,2020,Pil02_05,842104.6,838975.0,Shrubland
277,2020,Pil02_15,841816.2,840035.2,Grassland
278,2020,Pil03_22,844381.6,832488.6,Grassland
279,2020,Pil04_01,842224.6,838830.3,Woodland
280,2020,Pil04_02,842166.0,838442.5,Shrubland
281,2020,Pil04_06,841991.3,838388.7,Grassland
282,2020,Pil04_08,841911.1,838416.2,Grassland
283,2020,Pil04_09,841723.1,838470.1,Grassland
284,2020,Pil04_11,841361.1,838525.0,Woodland
285,2020,Pil04_11,841355.4,838504.6,Grassland
286,2020,Pil04_12,841259.4,838502.5,Grassland
287,2020,Pil04_13,841108.6,838551.6,Grassland
288,2020,Pil04_14,840978.7,838666.8,Grassland
289,2020,Pil04_15,840152.4,838911.7,Grassland
290,2020,Pil06_02,836108.3,840392.5,Grassland
291,2020,Pil06_12,836748.3,838905.9,Shrubland
292,2020,Pil06_16,836825.2,838676.9,Woodland
293,2020,Pil06_17,836847.2,838497.5,Woodland
294,2020,Pil06_20,836870.3,837073.4,Grassland
295,2020,Pil07_01,846471.1,829637.0,Grassland
296,2020,Pil07_08,847313.5,831405.8,Woodland
297,2020,Pil07_10,848033.6,831721.8,Woodland
298,2020,Pil07_12,848132.3,831989.1,Grassland
299,2020,Pil07_21,847495.6,833568.5,Grassland
300,2020,Pil07_22,847564.7,833617.4,Grassland
301,2020,Pil08_12,845807.5,828358.2,Woodland
302,2020,Pil08_15,846216.5,828287.4,Woodland
303,2020,Pil08_17,845949.9,829163.5,Woodland
304,2020,Pil08_25,846200.8,828960.5,Woodland
305,2020,Pil09_06,837284.9,838953.7,Shrubland
306,2020,Pil09_06,837315.2,838971.7,Shrubland
307,2020,Pil09_10,837559.7,839273.4,Shrubland
308,2020,Pil09_16,838133.1,839342.1,Shrubland
309,2020,Pil09_18,838579.9,839288.1,Grassland
310,2020,Pil09_19,838667.3,839260.4,Shrubland
311,2020,Pil09_20,838892.9,839224.0,Shrubland
312,2020,Pil10_03,842669.7,830299.3,Shrubland
313,2020,Pil10_05,843049.3,830423.3,Shrubland
314,2020,Pil10_08,843461.0,830505.3,Woodland
315,2020,Pil10_11,843654.1,830523.8,Grassland
316,2020,Pil10_12,843990.1,830115.0,Grassland
317,2020,Pil10_13,844058.3,829972.0,Grassland
318,2020,Pil10_16,844020.4,829621.0,Grassland
319,2020,Pil10_18,844203.3,829196.3,Grassland
320,2020,Pil10_21,844060.7,828947.6,Shrubland
321,2020,Pil10_22,843924.8,828787.6,Woodland
322,2020,Pil10_23,843896.3,828704.2,Woodland
323,2020,Pil10_24,843806.6,828648.0,Woodland
324,2020,Pil11_02,844228.1,827595.2,Shrubland
325,2020,Pil11_07,844019.8,827681.4,Shrubland
326,2020,Pil11_11,844034.8,827933.2,Grassland
327,2020,Pil11_12,843991.1,827986.9,Woodland
328,2020,Pil11_16,843881.9,828411.3,Woodland
329,2020,Pil11_17,844089.8,828825.9,Grassland
330,2020,Pil11_20,843686.5,828552.7,Woodland
331,2020,Pil11_21,843592.0,828821.4,Woodland
332,2020,Pil12_09,845868.7,832361.7,Woodland
333,2020,Pil12_16,845496.2,831409.8,Woodland
334,2020,Ref01_06,839713.9,841564.6,Rural plantation
335,2020,Ref01_08,839777.2,841402.2,Woody shrubland
336,2020,Ref01_11,840032.0,841279.0,Woodland
337,2020,Ref01_12,840032.1,841388.3,Shrubby grassland
338,2020,Ref01_13,840419.0,840852.0,Woodland
339,2020,Ref01_14,840528.6,840745.8,Woody shrubland
340,2020,Ref01_15,840616.0,840576.0,Woodland
341,2020,Ref01_16,840881.0,840436.1,Shrubland
342,2020,Ref01_18,841110.7,840355.0,Grassland
343,2020,Ref01_19,841332.2,839991.3,Woody shrubland
344,2020,Ref01_20,841223.9,839818.4,Woodland
345,2020,Ref01_21,841150.6,839623.9,Woodland
346,2020,Ref01_22,841578.0,839547.1,Woodland
347,2020,Ref01_23,842064.4,840171.1,Grassland
348,2020,Ref01_24,842070.9,840149.7,Woody shrubland
349,2020,Ref02_01,851800.6,835621.9,Woody shrubland
350,2020,Ref02_02,851842.8,835602.3,Woody shrubland
351,2020,Ref02_08,851680.1,835588.5,Woodland
352,2020,Ref02_15,852841.6,835748.9,Grassland
353,2020,Ref02_19,852711.0,835251.0,Shrubland
354,2020,Ref02_21,852440.3,835059.3,Woodland
355,2020,Ref02_22,852399.6,834941.4,Woodland
356,2020,Ref02_23,852507.4,834886.4,Woody shrubland
357,2020,Ref02_24,852870.8,834496.9,Woody shrubland
358,2020,Ref02_27,852948.7,834257.2,Shrubby grassland
359,2020,Ref02_35,852123.4,832906.1,Grassland
360,2020,Ref03_01,838144.5,823444.7,Rural plantation
361,2020,Ref03_02,838493.8,823926.2,Rural plantation
362,2020,Ref03_03,838464.8,824042.8,Woody shrubland
363,2020,Ref03_04,838451.5,824040.8,Shrubby grassland
364,2020,Ref03_05,838397.9,824053.6,Rural plantation
365,2020,Ref03_07,838234.2,824051.9,Shrubland
366,2020,Ref03_08,838162.2,824064.0,Shrubby grassland
367,2020,Ref03_10,837968.8,824151.3,Woodland
368,2020,Ref03_11,837909.3,824187.7,Shrubby grassland
369,2020,Ref03_12,837847.5,824101.4,Woodland
370,2020,Ref03_14,837329.1,823980.5,Woodland
371,2020,Ref03_15,836855.7,823815.4,Woodland
372,2020,Ref03_18,836973.8,823432.3,Woodland
373,2020,Ref04_05,851177.8,828302.1,Woodland
374,2020,Ref04_07,851114.8,827982.2,Woodland
375,2020,Ref04_08,850996.3,827746.4,Grassland
376,2020,Ref04_09,851173.0,827422.5,Woodland
377,2020,Ref04_10,851459.6,827271.7,Woodland
378,2020,Ref04_13,851873.2,826903.5,Shrubby grassland
379,2020,Ref04_14,851970.8,826841.3,Shrubby grassland
380,2020,Ref04_15,852126.1,826831.3,Shrubland
381,2020,Ref04_17,852335.8,826826.9,Shrubland
382,2020,Ref04_18,852411.4,826943.9,Woodland
383,2020,Ref04_19,852529.5,826883.3,Shrubland
384,2020,Ref04_20,852681.0,826926.1,Rural plantation
385,2020,Ref05_01,813781.3,829494.7,Woodland
386,2020,Ref05_01,813894.9,829547.6,Grassland
387,2020,Ref05_02,813226.2,829677.8,Woodland
388,2020,Ref05_04,813195.6,830152.4,Mixed barren land
389,2020,Ref05_05,812928.1,830237.6,Bare rock/ soil
390,2020,Ref05_06,812767.5,830311.6,Bare rock/ soil
391,2020,Ref05_07,812375.5,830849.5,Bare rock/ soil
392,2020,Ref05_07,811981.3,831363.9,Woody shrubland
393,2020,Ref05_08,812322.4,831504.1,Woodland
394,2020,Ref05_09,812666.4,832149.8,Woody shrubland
395,2020,Ref06_01,821597.1,829754.2,Rural plantation
396,2020,Ref06_02,821740.8,829465.1,Rural plantation
397,2020,Ref06_03,821684.0,829121.3,Rural plantation
398,2020,Ref06_04,821546.6,828916.3,Shrubby grassland
399,2020,Ref06_05,821532.8,828655.8,Woodland
400,2020,Ref06_06,821494.2,828627.4,Rural plantation
401,2020,Ref06_08,821186.6,828485.2,Shrubland
402,2020,Ref06_09,821022.0,828425.5,Rural plantation
403,2020,Ref06_10,820782.9,828256.0,Shrubland
404,2020,Ref06_11,820493.3,828177.8,Shrubland
405,2020,Ref06_12,820119.5,827676.6,Woodland
406,2020,Ref06_13,820055.7,827357.4,Shrubland
407,2020,Ref06_14,819915.4,827092.1,Grassland
408,2020,Ref06_16,819638.7,826994.4,Woodland
409,2020,Ref07_01,848187.7,817443.1,Woodland
410,2020,Ref07_03,848975.3,817144.4,Woodland
411,2020,Ref07_04,848940.8,816789.7,Grassland
412,2020,Ref07_05,848916.1,816774.2,Bare rock/ soil
413,2020,Ref07_06,848909.3,816747.4,Grassland
414,2020,Ref07_07,849165.0,817100.9,Woody shrubland
415,2020,Ref07_08,849196.8,817239.9,Shrubland
416,2020,Ref07_09,849187.2,817158.0,Shrubland
417,2020,Ref07_10,849181.9,817524.9,Shrubland
418,2020,Ref07_11,849182.6,817550.7,Shrubby grassland
419,2020,Ref07_12,849302.2,817657.6,Shrubland
420,2020,Ref07_13,849391.0,817717.0,Shrubby grassland
421,2020,Ref07_14,849462.0,817964.8,Shrubby grassland
422,2020,Ref07_15,849292.0,818830.4,Bare rock/ soil
423,2020,Ref07_20,848720.2,818267.7,Woodland
424,2020,Ref07_21,848699.1,818213.2,Woodland
425,2020,Ref08_01,814748.6,817623.4,Woodland
426,2020,Ref08_02,814850.9,817600.7,Woodland
427,2020,Ref08_04,815138.1,817425.1,Woodland
428,2020,Ref08_05,815270.6,817335.6,Woodland
429,2020,Ref08_06,815469.9,817136.1,Woodland
430,2020,Ref08_07,815584.5,817019.4,Grassland
431,2020,Ref08_08,816068.7,816587.8,Shrubland
432,2020,Ref08_09,816170.2,816303.2,Shrubland
433,2020,Ref08_10,816193.8,816283.6,Shrubby grassland
434,2020,Ref08_11,816441.4,815770.1,Shrubland
435,2020,Ref08_12,816519.9,815730.0,Woodland
436,2020,Ref08_13,816551.2,815701.1,Rural plantation
437,2020,Ref08_14,816851.1,815618.6,Grassland
438,2020,Ref08_15,816890.9,815479.7,Woodland
439,2020,Ref08_16,816876.0,815378.8,Shrubland
440,2020,Ref08_17,816947.8,815224.3,Woodland
441,2020,Ref08_18,817068.8,814475.8,Grassland
442,2020,Ref09_02,838388.7,813555.7,Shrubland
443,2020,Ref09_03,838351.7,813692.4,Shrubland
444,2020,Ref09_05,838524.6,814181.3,Shrubby grassland
445,2020,Ref09_06,838682.6,814154.8,Shrubland
446,2020,Ref09_08,839030.1,814399.8,Bare rock/ soil
447,2020,Ref09_09,839254.2,814390.3,Shrubland
448,2020,Ref09_10,839306.2,814454.5,Shrubby grassland
449,2020,Ref09_11,839328.9,814467.9,Grassland
450,2020,Ref09_12,839444.2,814465.1,Shrubby grassland
451,2020,Ref09_13,839725.5,814364.2,Woodland
452,2020,Ref09_14,839999.1,814226.8,Rural plantation
453,2020,Ref09_15,839984.2,814381.3,Woodland
454,2020,Ref09_16,839717.2,814729.5,Woody shrubland
455,2020,Ref09_17,839554.9,815342.2,Woodland
456,2020,Ref09_18,839678.3,815501.9,Woodland
457,2020,Ref10_01,833422.8,814612.6,Woodland
458,2020,Ref10_02,833508.9,814360.5,Woodland
459,2020,Ref10_03,833096.2,814340.8,Woodland
460,2020,Ref10_04,832578.0,814084.0,Grassland
461,2020,Ref10_05,832501.3,814083.5,Rural plantation
462,2020,Ref10_06,832578.7,813795.2,Rural plantation
463,2020,Ref10_07,832530.7,813697.0,Rural plantation
464,2020,Ref10_08,832726.4,813559.8,Woodland
465,2020,Ref10_09,832930.9,813429.5,Shrubland
466,2020,Ref10_10,833123.7,812971.2,Woodland
467,2020,Ref10_11,833055.2,812819.0,Woody shrubland
468,2020,Ref10_12,832965.4,812588.9,Shrubland
469,2020,Ref10_13,833043.0,812541.1,Shrubland
470,2020,Ref10_14,833175.9,812609.4,Shrubby grassland
471,2020,Ref10_15,833710.8,812817.6,Woodland
472,2020,Ref11_01,812714.2,812071.7,Rural plantation
473,2020,Ref11_02,812793.5,811951.8,Woodland
474,2020,Ref11_03,812925.9,811721.8,Woody shrubland
475,2020,Ref11_04,812995.6,811717.1,Shrubland
476,2020,Ref11_05,813166.0,811704.2,Shrubland
477,2020,Ref11_06,813205.1,811767.5,Shrubland
478,2020,Ref11_07,813448.0,812093.1,Shrubland
479,2020,Ref11_08,813468.3,812157.2,Woodland
480,2020,Ref11_09,814208.0,812579.4,Shrubby grassland
481,2020,Ref11_12,815068.8,812653.7,Woodland
482,2020,Ref11_14,815419.6,813095.6,Woodland
483,2020,Ref11_15,815570.0,813208.0,Woodland
484,2020,Ref11_16,815957.2,813258.2,Rural plantation
485,2020,Ref11_17,816643.7,813151.1,Rural plantation
486,2020,Ref12_02,807960.8,816610.1,Grassland
487,2020,Ref12_02,807986.7,816658.3,Grassland
488,2020,Ref12_04,808238.5,816691.5,Woodland
489,2020,Ref12_06,808859.1,816806.6,Woodland
490,2020,Ref12_08,809121.5,816968.9,Shrubby grassland
491,2020,Ref12_09,809513.2,817055.1,Shrubland
492,2020,Ref13_09,822421.4,838858.6,Woodland
493,2020,Ref13_10,822478.1,838951.0,Woodland
494,2020,Ref13_12,823055.2,839539.8,Woodland
495,2020,Ref13_14,822468.5,836013.8,Woodland
496,2020,Ref13_15,821342.9,836625.1,Woodland
497,2020,Ref13_16,821314.6,835992.4,Grassland
498,2020,Ref13_17,821564.4,835489.1,Rural plantation
499,2020,Ref14_01,831218.5,842268.9,Shrubby grassland
500,2020,Ref14_02,831349.3,842369.1,Shrubby grassland
501,2020,Ref14_03,831571.9,842334.4,Shrubby grassland
502,2020,Ref14_05,831800.6,842281.9,Grassland
503,2020,Ref14_06,831934.1,842218.3,Grassland
504,2020,Ref14_07,832063.4,842038.4,Woody shrubland
505,2020,Ref14_08,832313.2,841840.7,Grassland
506,2020,Ref14_10,833072.6,841739.4,Shrubland
507,2020,Ref14_13,833316.8,841711.3,Shrubby grassland
508,2020,Ref14_14,833736.7,841667.7,Grassland
509,2020,Ref14_15,833859.4,841820.0,Grassland
510,2020,Ref14_16,833930.2,841911.6,Grassland
511,2020,Ref14_18,834312.1,842054.0,Grassland
512,2020,Ref15_01,830975.2,830168.6,Grassland
513,2020,Ref15_02,830997.2,830199.3,Shrubby grassland
514,2020,Ref15_04,830871.9,830551.3,Woodland
515,2020,Ref15_05,831551.3,830769.1,Shrubland
516,2020,Ref15_06,831562.6,830827.2,Grassland
517,2020,Ref15_07,830943.5,829905.9,Grassland
518,2020,Ref15_08,830826.4,829761.1,Shrubby grassland
519,2020,Ref15_09,830564.9,829824.7,Woodland
520,2020,Ref15_10,829953.7,830007.5,Shrubland
521,2020,Ref15_11,829354.0,829564.9,Woodland
522,2020,Ref15_12,829193.4,829604.7,Woodland
523,2020,Ref15_13,828983.8,829447.2,Rural plantation
524,2020,Tru01_01,833651.3,823315.5,Woodland
525,2020,Tru01_03,833384.6,823234.1,Woodland
526,2020,Tru01_05,832900.7,823504.1,Woody shrubland
527,2020,Tru01_06,832785.4,823681.5,Woody shrubland
528,2020,Tru01_08,832748.4,824005.5,Rural plantation
529,2020,Tru01_09,832796.4,824286.5,Rural plantation
530,2020,Tru01_11,832945.0,824793.4,Woody shrubland
531,2020,Tru01_12,833090.0,824955.0,Woody shrubland
532,2020,Tru01_13,833147.6,825024.9,Shrubland
533,2020,Tru01_14,833596.4,825328.7,Rural plantation
534,2020,Tru01_15,833610.7,825434.6,Shrubland
535,2020,Tru01_16,833510.1,825722.0,Woodland
536,2020,Tru01_17,833385.4,825848.6,Woodland
537,2020,Tru01_18,833376.2,826110.2,Woodland
538,2020,Tru02_01,836718.1,832159.4,Woodland
539,2020,Tru02_02,836657.1,832445.7,Woodland
540,2020,Tru02_03,836198.7,832100.4,Woodland
541,2020,Tru02_04,835966.9,831744.2,Woodland
542,2020,Tru02_05,835333.7,829536.5,Grassland
543,2020,Tru02_08,835136.1,828831.2,Woodland
544,2020,Tru02_09,834853.0,827954.6,Shrubby grassland
545,2020,Tru02_10,834866.4,828032.1,Shrubland
546,2020,Tru02_11,834132.2,828240.7,Woodland
547,2020,Tru02_13,833725.3,828467.0,Grassland
548,2020,Tru03_03,843180.7,817949.8,Woody shrubland
549,2020,Tru03_04,843253.8,817737.5,Woody shrubland
550,2020,Tru03_05,843297.6,817646.0,Shrubland
551,2020,Tru03_06,843304.5,817393.9,Rural plantation
552,2020,Tru03_07,843321.8,817331.5,Woodland
553,2020,Tru03_08,843287.6,817278.7,Shrubland
554,2020,Tru03_09,843264.6,817186.9,Shrubby grassland
555,2020,Tru03_10,843155.4,817111.0,Shrubby grassland
556,2020,Tru03_13,843146.5,817140.7,Shrubland
557,2020,Tru03_15,842989.4,816979.0,Woodland
558,2020,Tru03_16,842979.4,817019.5,Woody shrubland
559,2020,Tru03_17,842949.4,816923.0,Woodland
560,2020,Tru03_18,842942.3,816849.6,Rural plantation
561,2020,Tru03_20,842979.7,816637.5,Grassland
562,2020,Tru03_21,842838.7,816586.6,Woodland
563,2020,Tru03_22,842742.4,816515.2,Woodland
564,2020,Tru04_01,840717.4,824703.2,Woodland
565,2020,Tru04_02,840926.8,824746.1,Woodland
566,2020,Tru04_03,841274.4,825249.8,Woody shrubland
567,2020,Tru04_05,841334.5,825392.1,Shrubland
568,2020,Tru04_06,841355.8,825421.7,Shrubby grassland
569,2020,Tru04_07,841401.1,825664.1,Woodland
570,2020,Tru04_08,841884.0,825734.3,Woody shrubland
571,2020,Tru04_09,842156.1,825837.4,Shrubby grassland
572,2020,Tru04_11,842213.1,825836.4,Shrubland
573,2020,Tru04_12,842536.4,826049.2,Grassland
574,2020,Tru04_13,842616.0,826125.2,Woodland
575,2020,Tru04_14,842954.6,826463.6,Shrubland
576,2020,Tru04_15,843043.9,826621.4,Woody shrubland
577,2020,Tru04_17,843440.0,827098.8,Rural plantation
578,2020,Tru04_19,843681.0,827089.2,Shrubland
579,2020,Tru04_20,843887.8,827293.9,Woodland
580,2020,Tru04_21,843982.4,827269.0,Grassland
581,2020,Tru04_22,844037.9,827267.7,Grassland
582,2020,Tru04_23,844310.3,827222.3,Shrubby grassland
583,2020,Tru05_01,815930.3,828448.2,Woodland
584,2020,Tru05_02,816249.8,828388.6,Shrubby grassland
585,2020,Tru05_05,816515.2,828442.2,Woody shrubland
586,2020,Tru05_06,816695.9,828409.5,Shrubland
587,2020,Tru05_07,816761.4,828351.0,Shrubby grassland
588,2020,Tru05_08,816854.5,828364.9,Woodland
589,2020,Tru05_09,816918.0,828394.7,Shrubby grassland
590,2020,Tru05_11,817031.2,828390.3,Rural plantation
591,2020,Tru05_13,816963.5,828663.6,Rural plantation
592,2020,Tru05_15,816774.2,828784.0,Shrubland
593,2020,Tru05_17,816822.0,828896.5,Shrubby grassland
594,2020,Tru05_19,816942.4,829338.5,Shrubby grassland
595,2020,Tru05_20,816881.2,829480.7,Shrubland
596,2020,Tru06_02,820352.1,834768.2,Woodland
597,2020,Tru06_04,820108.0,834836.7,Shrubby grassland
598,2020,Tru06_06,819807.2,834886.1,Rural plantation
599,2020,Tru06_07,819837.3,834946.4,Grassland
600,2020,Tru06_08,819798.4,834971.3,Grassland
601,2020,Tru06_11,819638.9,835127.2,Grassland
602,2020,Tru06_12,819627.8,835311.9,Shrubby grassland
603,2020,Tru06_13,819700.2,835358.8,Grassland
604,2020,Tru06_16,819846.6,835766.5,Grassland
605,2020,Tru06_27,819072.8,838521.6,Woodland
606,2020,Tru07_02,825250.8,838594.2,Grassland
607,2020,Tru07_03,825157.4,838574.3,Bare rock/ soil
608,2020,Tru07_04,825278.4,838479.9,Woodland
609,2020,Tru07_08,825499.5,839677.0,Grassland
610,2020,Tru07_14,825598.7,840307.5,Grassland
611,2020,Tru07_15,825764.4,840375.0,Woodland
612,2020,Tru07_17,826036.0,840590.0,Grassland
613,2020,Tru08_01,810211.4,828129.6,Woodland
614,2020,Tru08_02,810303.4,828209.3,Woody shrubland
615,2020,Tru08_03,810285.0,828237.9,Woody shrubland
616,2020,Tru08_08,809707.5,828123.4,Rural plantation
617,2020,Tru08_09,809624.5,828174.2,Rural plantation
618,2020,Tru08_10,809623.4,828258.1,Grassland
619,2020,Tru08_14,809493.3,828375.9,Shrubby grassland
620,2020,Tru08_15,809574.6,828339.5,Grassland
621,2020,Tru08_16,809672.3,828123.2,Shrubland
622,2020,Tru08_18,809499.1,828897.4,Woody shrubland
623,2020,Tru08_22,810804.6,826183.1,Woodland
624,2020,Tru08_23,810959.9,826099.6,Rural plantation
625,2020,Tru09_02,828336.6,826305.2,Woody shrubland
626,2020,Tru09_04,827809.4,826504.3,Shrubland
627,2020,Tru09_05,827725.3,826532.4,Woody shrubland
628,2020,Tru09_07,827594.0,826506.5,Shrubby grassland
629,2020,Tru09_09,827502.8,826470.0,Rural plantation
630,2020,Tru09_10,827078.8,826630.0,Grassland
631,2020,Tru09_12,826941.0,826660.1,Grassland
632,2020,Tru09_13,826583.7,827288.8,Shrubland
633,2020,Tru09_14,826450.9,827473.7,Rural plantation
634,2020,Tru09_15,825870.8,827528.8,Rural plantation
635,2020,Tru09_16,825675.3,827614.2,Woodland
636,2020,Tru09_17,824871.0,827235.7,Shrubland
637,2020,Tru09_18,824548.5,827384.9,Rural plantation
638,2020,Tru09_20,824424.2,826723.3,Woodland
639,2020,Tru09_21,824267.9,826719.5,Bare rock/ soil
640,2020,Tru09_22,824433.3,826291.6,Shrubland
641,2020,Tru09_23,824492.1,826202.8,Shrubby grassland
642,2020,Tru09_25,824567.0,825849.8,Shrubland
643,2020,Tru10_01,822773.4,822320.0,Woodland
644,2020,Tru10_03,823085.6,822371.8,Shrubby grassland
645,2020,Tru10_04,823408.6,822458.9,Shrubland
646,2020,Tru10_05,823574.1,822467.4,Shrubby grassland
647,2020,Tru10_06,823600.8,822268.4,Shrubland
648,2020,Tru10_07,823576.8,822240.6,Woody shrubland
649,2020,Tru10_08,823608.8,822176.3,Shrubland
650,2020,Tru10_13,823729.9,821373.1,Woodland
651,2020,Tru10_16,823683.6,821376.3,Shrubland
652,2020,Tru10_18,823567.3,821471.2,Shrubby grassland
653,2020,Tru10_19,823383.3,821441.9,Shrubby grassland
654,2020,Tru10_20,823301.3,821446.5,Shrubland
655,2020,Tru10_21,823053.8,821472.1,Shrubby grassland
656,2020,Tru10_22,822960.2,821492.6,Grassland
657,2020,Tru11_07,818615.9,814786.1,Shrubland
658,2020,Tru11_09,818858.7,814955.2,Shrubby grassland
659,2020,Tru11_10,818904.1,815152.2,Rural plantation
660,2020,Tru11_12,819095.6,815406.2,Shrubby grassland
661,2020,Tru11_14,819206.3,815521.2,Woodland
662,2020,Tru11_15,819493.9,815647.8,Woodland
663,2020,Tru11_16,819770.4,815681.3,Woodland
664,2020,Tru11_17,819773.5,815733.6,Woodland
665,2020,Tru11_18,820073.2,815861.4,Rural plantation
666,2020,Tru11_20,820178.8,816063.4,Woodland
667,2020,Tru12_03,815846.5,811506.4,Grassland
668,2020,Tru12_09,816359.1,811125.6,Woodland
669,2020,Tru12_11,817149.5,811100.7,Woodland
670,2020,Tru12_12,817297.7,811224.8,Grassland
671,2020,Tru12_14,817343.3,811403.7,Mixed barren land
672,2020,Tru12_17,816785.4,810716.0,Woodland
673,2020,Tru12_18,816708.5,810526.5,Woody shrubland
674,2020,Tru12_19,816671.2,810459.3,Woody shrubland
675,2020,Tru12_22,816485.7,810300.6,Shrubland
676,2020,Tru12_23,816463.2,810268.0,Bare rock/ soil
677,2020,Tru13_01,806854.5,811790.9,Grassland
678,2020,Tru13_02,806775.6,811691.2,Rural plantation
679,2020,Tru13_03,806544.3,811430.8,Woody shrubland
680,2020,Tru13_04,806531.4,811317.6,Shrubby grassland
681,2020,Tru13_05,806507.8,811282.9,Grassland
682,2020,Tru13_06,806371.2,811065.2,Woodland
683,2020,Tru13_07,806230.8,810832.3,Shrubby grassland
684,2020,Tru13_08,806157.8,810767.1,Grassland
685,2020,Tru13_09,806060.9,810635.9,Grassland
686,2020,Tru13_11,805904.9,810509.6,Grassland
687,2020,Tru13_12,805878.8,810406.7,Shrubland
688,2020,Tru13_13,805592.1,810345.5,Grassland
689,2020,Tru13_15,805187.3,810223.2,Shrubland
690,2020,Tru13_17,804712.1,810299.7,Shrubland
691,2020,Tru13_18,804481.4,810633.3,Woodland
692,2020,Tru13_19,804575.5,810701.0,Rural plantation
693,2020,Tru13_20,804612.0,811625.7,Woodland
694,2020,Tru14_01,808530.5,812871.9,Woodland
695,2020,Tru14_02,808793.4,812874.1,Rural plantation
696,2020,Tru14_03,809019.3,812936.5,Woodland
697,2020,Tru14_04,809153.1,812992.2,Shrubland
698,2020,Tru14_06,809243.7,813199.1,Woody shrubland
699,2020,Tru14_07,809300.4,813441.4,Woody shrubland
700,2020,Tru14_08,809368.5,813567.5,Shrubby grassland
701,2020,Tru14_09,809395.3,813765.9,Woodland
702,2020,Tru14_10,809347.1,813889.7,Woodland
703,2020,Tru14_11,809255.8,814072.1,Woodland
704,2020,Tru14_12,809091.1,814490.0,Woody shrubland
705,2020,Tru14_13,808941.7,814595.8,Shrubby grassland
706,2020,Tru14_14,808803.1,814607.9,Shrubland
707,2020,Tru14_15,808558.5,814435.0,Shrubby grassland
708,2020,Tru14_16,808503.2,814277.7,Woodland
709,2020,Tru14_18,808342.6,813698.5,Woody shrubland
710,2020,Tru14_19,808278.9,813441.8,Woodland
711,2020,Tru14_20,808200.2,813374.2,Woody shrubland
712,2020,Tru15_01,844202.8,813680.7,Woodland
713,2020,Tru15_02,844012.8,813299.0,Woodland
714,2020,Tru15_03,843926.9,813056.4,Shrubland
715,2020,Tru15_04,843911.0,812973.7,Shrubland
716,2020,Tru15_05,843957.7,812827.4,Shrubland
717,2020,Tru15_06,843897.0,812862.2,Woody shrubland
718,2020,Tru15_07,843750.0,812914.8,Woody shrubland
719,2020,Tru15_08,843458.3,812973.9,Woodland
720,2020,Tru15_09,843816.4,812867.1,Woody shrubland
721,2020,Tru15_11,843436.6,812721.4,Woody shrubland
722,2020,Tru15_12,842986.1,812903.5,Woodland
723,2020,Tru15_14,843409.7,812470.5,Woodland
724,2020,Tru15_18,843700.4,811975.9,Shrubby grassland
725,2020,Tru15_19,843735.0,811982.5,Grassland
726,2020,Tru16_01,838617.2,815946.7,Woodland
727,2020,Tru16_02,838465.9,815871.5,Rural plantation
728,2020,Tru16_04,838325.5,815922.5,Woody shrubland
729,2020,Tru16_05,838419.0,815773.6,Woody shrubland
730,2020,Tru16_07,838439.6,815483.8,Shrubby grassland
731,2020,Tru16_08,838555.5,815292.9,Woodland
732,2020,Tru16_09,838808.3,815096.6,Shrubby grassland
733,2020,Tru16_10,839147.8,815350.1,Shrubland
734,2020,Tru16_12,839218.3,815383.2,Shrubby grassland
735,2020,Tru16_15,839490.2,815523.5,Woodland
736,2020,Tru16_16,839314.7,815730.1,Woody shrubland
737,2020,Tru17_01,837356.3,813178.8,Woodland
738,2020,Tru17_04,836532.5,813505.1,Woody shrubland
739,2020,Tru17_05,836361.7,813577.3,Woody shrubland
740,2020,Tru17_06,836307.8,813450.0,Shrubland
741,2020,Tru17_08,836162.4,813293.0,Shrubland
742,2020,Tru17_09,836187.7,813114.8,Shrubland
743,2020,Tru17_10,836155.2,813088.8,Shrubland
744,2020,Tru17_12,835666.8,813394.5,Woodland
745,2020,Tru17_13,835810.2,812832.4,Woodland
746,2020,Tru17_14,835326.9,812915.4,Woody shrubland
747,2020,Tru17_15,835387.4,812636.1,Shrubland
748,2020,Tru17_16,835103.7,812554.1,Shrubland
749,2020,Tru17_17,835014.3,812465.8,Shrubland
750,2020,Tru17_19,834698.8,812567.5,Rural plantation
751,2020,Tru17_21,834360.0,812703.9,Woodland
752,2020,Tru18_01,845435.4,825979.2,Woodland
753,2020,Tru18_02,845562.9,826069.7,Woodland
754,2020,Tru18_03,845741.2,826084.3,Woodland
755,2020,Tru18_04,845908.0,826015.2,Rural plantation
756,2020,Tru18_05,845891.7,825591.9,Woodland
757,2020,Tru18_06,845986.8,825312.1,Woodland
758,2020,Tru18_07,845974.5,825038.5,Woodland
759,2020,Tru18_08,846208.0,824699.2,Shrubland
760,2020,Tru18_09,846324.4,824558.7,Woodland
761,2020,Tru18_10,846316.7,824518.8,Rural plantation
762,2020,Tru18_11,846455.8,824275.9,Shrubland
763,2020,Tru18_12,846372.1,823856.1,Woody shrubland
764,2020,Tru18_14,846363.6,823766.8,Shrubby grassland
765,2020,Tru18_15,846425.1,824429.1,Woodland
766,2020,Tru18_16,845998.6,824889.5,Grassland
767,2020,Tru18_17,845972.2,824775.1,Shrubby grassland
768,2020,Tru18_18,845840.2,824538.7,Shrubby grassland
769,2020,Tru18_19,845732.3,824462.2,Woodland
770,2020,Tru18_20,845644.9,824319.7,Woody shrubland
771,2020,Tru19_02,847917.4,812827.3,Woodland
772,2020,Tru19_03,847437.9,812678.7,Shrubland
773,2020,Tru19_04,847329.4,812625.2,Shrubby grassland
774,2020,Tru19_06,847260.9,812343.2,Shrubland
775,2020,Tru19_07,847427.0,811924.2,Shrubland
776,2020,Tru19_09,847369.4,812561.2,Shrubby grassland
777,2020,Tru19_11,847487.8,812706.7,Woodland
778,2020,Tru19_12,848152.2,813059.7,Shrubby grassland
779,2020,Tru19_13,848200.6,813071.4,Grassland
780,2020,Tru19_14,848438.4,813115.1,Grassland
781,2020,Tru19_16,848491.3,813037.5,Rural plantation
782,2020,Tru19_20,848498.2,813277.6,Grassland
783,2020,Tru20_01,828108.9,842524.7,Grassland
784,2020,Tru20_02,828141.2,842615.6,Woodland
785,2020,Tru20_09,828911.7,843368.1,Woodland
786,2020,Tru20_10,829029.3,843262.8,Grassland
787,2020,Tru20_11,829118.5,843123.4,Shrubby grassland
788,2020,Tru20_12,829434.8,842534.4,Woody shrubland
789,2020,Tru21_01,827511.1,838999.3,Woodland
790,2020,Tru21_05,828114.6,838375.8,Grassland
791,2020,Tru21_07,828501.8,838341.5,Grassland
792,2020,Tru21_09,829449.1,838396.2,Woodland
793,2020,Tru21_11,829331.4,838487.0,Grassland
794,2020,Tru21_12,829344.2,838499.7,Shrubby grassland
795,2020,Tru21_14,829988.7,838011.0,Woodland
796,2020,Tru21_15,830552.8,838176.9,Grassland
797,2020,Tru22_01,842985.5,840645.9,Woodland
798,2020,Tru22_02,843041.4,840673.2,Grassland
799,2020,Tru22_03,843197.9,840588.1,Grassland
800,2020,Tru22_05,844078.2,840619.1,Shrubland
801,2020,Tru22_07,844771.9,840732.3,Shrubby grassland
802,2020,Tru22_08,844917.5,840775.1,Shrubby grassland
803,2020,Tru22_09,845080.0,840811.4,Woodland
804,2020,Tru22_10,845228.1,840840.6,Woody shrubland
805,2020,Tru22_11,845720.1,841338.3,Shrubby grassland
806,2020,Tru22_12,845787.2,841453.1,Shrubby grassland
807,2020,Tru22_13,845799.6,841482.4,Woody shrubland
808,2020,Tru22_14,845874.7,841567.1,Woodland
809,2020,Tru22_27,845618.6,840429.5,Woody shrubland
810,2020,Tru22_28,845459.0,840428.0,Woody shrubland
811,2020,Tru22_30,845064.7,840358.6,Woodland
812,2020,Tru22_31,844676.3,840334.0,Woodland
813,2020,Tru22_32,844506.6,840398.3,Grassland
814,2020,Tru23_01,832470.8,834682.8,Woodland
815,2020,Tru23_03,832680.6,834667.1,Grassland
816,2020,Tru23_04,833027.2,834485.8,Woodland
817,2020,Tru23_05,833070.0,834378.2,Woodland
818,2020,Tru23_06,833141.8,834266.0,Woodland
819,2020,Tru23_07,833125.4,834035.9,Grassland
820,2020,Tru23_08,833254.6,834019.0,Shrubland
821,2020,Tru23_09,833295.5,833989.4,Woody shrubland
822,2020,Tru23_10,833488.1,833850.7,Woodland
823,2020,Tru23_11,833574.2,833612.1,Shrubby grassland
824,2020,Tru23_13,833985.8,833147.6,Woodland
825,2020,Tru23_16,834427.7,833043.8,Woody shrubland
826,2020,Tru23_17,834609.1,833014.5,Grassland
827,2020,Tru23_19,835037.4,833487.8,Rural plantation
828,2020,Tru24_01,835513.7,839721.7,Woodland
829,2020,Tru24_03,835529.7,839650.5,Rural plantation
830,2020,Tru24_04,835561.4,839574.8,Rural plantation
831,2020,Tru24_05,835656.6,839348.1,Woody shrubland
832,2020,Tru24_06,836038.5,839124.8,Woodland
833,2020,Tru24_07,836026.5,838937.8,Shrubland
834,2020,Tru24_08,835789.6,838538.8,Rural plantation
835,2020,Tru24_09,835767.2,838303.3,Rural plantation
836,2020,Tru24_10,835756.7,837974.3,Woodland
837,2020,Tru24_11,835629.5,837504.6,Woody shrubland
838,2020,Tru24_12,835527.1,837317.4,Shrubby grassland
839,2020,Tru24_13,835489.4,837239.4,Shrubland
840,2020,Tru24_14,835477.1,837136.3,Shrubby grassland
841,2020,Tru24_15,835404.7,836944.4,Shrubland
842,2020,Tru24_16,835276.0,836423.3,Woody shrubland
843,2020,Tru24_17,834491.3,835734.5,Woodland
844,2020,Tru24_18,834442.3,835582.4,Woody shrubland
845,2020,Tru25_01,852619.8,831637.6,Woodland
846,2020,Tru25_02,853344.6,831753.0,Woodland
847,2020,Tru25_03,853390.7,831644.6,Woody shrubland
848,2020,Tru25_05,853902.7,831394.1,Woodland
849,2020,Tru25_14,853097.3,831945.6,Woody shrubland
850,2020,Tru25_15,852922.4,831998.4,Woodland
851,2020,Tru25_16,852604.6,832019.6,Grassland
852,2020,Tru25_19,852567.5,832273.1,Shrubland
853,2020,Tru25_20,852662.4,832792.6,Woodland
854,2020,Tru26_01,851558.4,833118.6,Rural plantation
855,2020,Tru26_02,851353.2,833107.1,Rural plantation
856,2020,Tru26_03,851123.1,833063.7,Woodland
857,2020,Tru26_04,850990.9,833100.3,Woodland
858,2020,Tru26_05,850675.5,832818.2,Woodland
859,2020,Tru26_06,850672.0,832764.1,Woodland
860,2020,Tru26_07,850503.4,832629.5,Woodland
861,2020,Tru26_08,850397.5,832462.5,Woody shrubland
862,2020,Tru26_09,850091.3,831967.1,Woodland
863,2020,Tru26_10,850330.9,831886.9,Shrubby grassland
864,2020,Tru26_11,850537.6,831836.8,Woodland
865,2020,Tru26_12,850731.8,831721.0,Shrubland
866,2020,Tru26_13,851247.5,831411.7,Grassland
867,2020,Tru26_14,851362.7,831442.9,Shrubby grassland
868,2020,Tru26_16,851585.2,831459.4,Shrubland
869,2020,Tru26_19,852095.5,831341.0,Woody shrubland
870,2020,Tru26_20,852180.3,831236.6,Woodland
871,2020,Tru27_06,822523.6,816031.5,Shrubland
872,2020,Tru27_07,822532.7,816051.6,Woody shrubland
873,2020,Tru27_08,822593.9,816196.9,Grassland
874,2020,Tru27_09,822619.4,816163.5,Rural plantation
875,2020,Tru27_12,822838.3,816135.4,Shrubby grassland
876,2020,Tru27_13,822368.5,816055.0,Woodland
877,2020,Tru27_17,822339.0,816888.3,Woodland
878,2020,Tru27_20,822523.7,816973.5,Woody shrubland
879,2020,Tru28_02,831402.4,807065.5,Woodland
880,2020,Tru28_04,830949.9,807465.4,Woodland
881,2020,Tru28_05,830968.8,807627.2,Shrubland
882,2020,Tru28_06,830865.2,807834.6,Shrubby grassland
883,2020,Tru28_08,830756.1,808209.0,Mixed barren land
884,2020,Tru28_09,830637.6,808218.2,Shrubby grassland
885,2020,Tru28_11,830515.5,808609.8,Grassland
886,2020,Tru28_12,830475.3,808735.0,Woodland
887,2020,Tru28_14,830481.0,808897.2,Woodland
888,2020,Tru28_15,830242.3,809010.3,Woodland
889,2020,Tru28_17,829706.3,809541.7,Woodland
890,2020,Tru29_03,856525.7,825079.5,Bare rock/ soil
891,2020,Tru29_04,856500.7,825184.2,Bare rock/ soil
892,2020,Tru29_09,856522.6,825823.8,Shrubby grassland
893,2020,Tru29_10,856480.5,825872.2,Shrubland
894,2020,Tru29_11,856499.5,825893.2,Woody shrubland
895,2020,Tru29_12,856555.3,825929.2,Shrubland
896,2020,Tru29_18,857120.8,826644.0,Shrubby grassland
897,2020,Tru29_19,857205.7,826643.3,Shrubby grassland
898,2020,Tru29_20,857156.8,826823.3,Shrubland
899,2020,Tru29_22,856979.6,827327.1,Shrubland
900,2020,Tru29_23,856870.3,827715.0,Shrubland
901,2020,Tru29_24,856729.3,827835.7,Shrubland
902,2020,Tru29_25,856638.8,827880.6,Shrubby grassland
903,2020,Tru29_26,856395.4,827787.8,Shrubby grassland
904,2020,Tru29_27,856185.7,827572.7,Shrubby grassland
905,2020,Tru29_30,855772.2,827894.7,Woody shrubland
906,2020,Tru29_31,855686.2,827977.6,Woodland
907,2020,Tru29_32,855218.9,828136.0,Rural plantation
908,2020,Tru30_04,855309.0,836386.3,Woody shrubland
909,2020,Tru30_11,855341.3,836946.4,Grassland
910,2020,Tru30_12,855425.9,836892.7,Bare rock/ soil
911,2020,Tru30_13,855569.4,837238.5,Woody shrubland
912,2020,Tru30_14,855577.4,837418.5,Woodland
913,2020,Tru30_15,855414.7,837156.5,Woodland
