PointID,Source,x,y,c1975,c1980,c1985,c1990,c1995,c2000,c2005,c2010,c2015,c2020
1,Random,840795,815475,3,3,2,5,5,5,5,5,5,5
2,Random,835695,823785,2,1,1,1,1,1,1,1,1,1
3,Random,847335,839415,2,2,2,2,2,2,1,1,1,1
4,Random,812325,827055,3,3,4,4,4,4,4,4,3,3
5,Random,838485,837195,3,3,2,2,2,2,2,2,2,2
6,Random,834105,824295,2,2,1,1,1,1,1,1,1,1
7,Random,825855,841155,6,6,6,6,6,6,5,5,5,5
8,Random,841575,842775,2,2,2,2,2,1,1,1,1,1
9,Random,851355,831225,3,3,3,3,3,3,3,2,1,1
10,Random,845085,818445,6,6,6,6,5,5,5,5,5,5
11,Random,835995,846045,3,3,3,3,3,3,3,3,2,2
12,Random,835755,838035,3,3,2,2,2,2,2,1,1,1
13,Random,834345,838545,3,3,3,3,3,3,3,3,3,3
14,Random,837885,827685,5,5,5,5,5,5,5,5,5,5
15,Random,823785,825285,4,2,2,2,2,2,2,2,2,2
16,Random,834795,839325,2,2,2,2,2,2,2,1,1,1
17,Random,809535,817545,6,6,6,6,5,5,5,5,5,5
18,Random,837135,827805,3,3,2,2,2,2,2,1,1,1
19,Random,817485,825705,3,3,5,5,5,5,5,3,3,3
20,Random,810825,814155,1,1,1,1,1,1,1,1,1,1
21,Random,812025,814455,4,4,4,4,4,3,3,3,2,2
22,Random,844845,826395,3,3,3,3,3,3,3,3,3,3
23,Random,847575,829905,2,2,1,1,1,1,1,1,1,1
24,Random,826695,837915,3,3,3,3,3,3,3,3,2,2
25,Random,816435,810765,3,2,2,2,2,2,2,2,2,2
26,Random,822555,827235,2,2,1,1,1,1,1,1,1,1
27,Random,845475,803205,2,2,3,3,3,3,3,3,3,3
28,Random,809925,828645,3,3,3,3,3,3,3,3,3,3
29,Random,847395,817545,3,3,3,3,3,3,3,3,2,2
30,Random,821955,828915,2,2,2,2,2,2,1,1,1,1
31,Random,855705,824235,2,2,2,2,2,2,2,2,2,2
32,Random,829755,834615,3,3,3,3,2,2,1,1,1,1
33,Random,821145,830385,2,2,2,2,2,2,1,1,1,1
34,Random,821505,837645,6,6,6,6,6,6,6,6,6,6
35,Random,829245,841455,3,3,3,3,5,3,3,5,5,5
36,Random,810435,814335,4,4,3,3,3,3,3,3,3,3
37,Random,821175,826905,2,2,2,2,2,2,2,2,2,2
38,Random,831555,815895,5,5,5,5,5,5,5,5,5,5
39,Random,819075,818025,3,3,3,2,2,2,2,2,2,2
40,Random,850305,824025,2,2,2,2,1,1,1,2,2,2
41,Random,833175,829545,2,2,2,3,3,3,3,3,2,2
42,Random,841065,823695,2,1,1,1,1,1,1,1,1,1
43,Random,853065,827565,2,6,6,6,6,6,6,6,6,6
44,Random,813765,813525,1,1,1,1,1,1,1,1,1,1
45,Random,847125,840105,2,2,2,1,1,1,1,1,1,1
46,Random,817185,812805,3,3,3,3,2,2,1,1,1,1
47,Random,844395,831375,1,1,1,1,1,1,1,1,1,1
48,Random,816735,814095,2,2,1,1,1,1,1,1,1,1
49,Random,824835,836835,2,2,1,2,2,2,2,1,1,1
50,Random,847395,833595,2,2,1,1,1,1,1,1,1,1
51,Random,823695,819195,6,6,6,6,6,6,6,5,3,3
52,Random,854295,831255,1,1,1,1,1,1,1,1,1,1
53,Random,841065,824595,3,3,3,3,3,3,3,3,3,2
54,Random,826365,826215,3,3,3,3,3,3,3,3,2,2
55,Random,856095,833025,3,3,2,2,1,1,1,1,1,1
56,Random,835485,829905,3,3,3,3,3,3,3,2,1,1
57,Random,828465,830385,1,1,1,1,1,1,1,1,1,1
58,Random,841095,838665,3,3,3,3,3,2,1,1,1,1
59,Random,840105,826995,3,3,5,5,5,5,5,5,5,5
60,Random,825015,827235,3,3,2,2,2,2,1,1,1,1
61,Random,832425,816225,5,5,5,5,5,5,5,5,5,5
62,Random,847215,815325,3,3,3,3,3,3,3,2,2,2
63,Random,836025,841875,3,3,3,3,3,3,3,3,3,3
64,Random,832665,814845,2,2,1,1,1,1,1,1,1,1
65,Random,809745,830205,3,2,2,2,2,2,2,2,2,2
66,Random,847275,829155,1,1,1,1,1,1,1,1,1,1
67,Random,824595,836415,2,2,2,2,2,2,2,2,2,2
68,Random,834015,825765,2,2,2,2,1,1,1,1,1,1
69,Random,842985,813855,2,2,2,2,2,2,2,2,2,2
70,Random,806775,813525,2,2,2,2,2,1,1,1,1,1
71,Random,838935,813825,3,3,3,3,3,3,2,2,2,2
72,Random,814005,817125,2,2,2,2,2,1,1,1,1,1
73,Random,838335,841425,2,2,2,2,1,1,1,1,1,1
74,Random,853905,826605,5,6,6,6,6,6,6,6,6,6
75,Random,845865,819135,2,2,2,3,3,2,2,2,2,2
76,Random,847485,829755,1,1,1,1,1,1,1,1,1,1
77,Random,830175,828615,3,3,3,3,3,3,3,3,2,2
78,Random,826875,830655,2,2,2,2,2,2,2,1,1,1
79,Random,838515,830415,3,3,2,1,1,1,1,1,1,1
80,Random,816555,816555,3,3,3,3,3,2,2,2,2,2
81,Random,847905,819345,2,2,2,2,1,1,1,1,1,1
82,Random,844155,839055,3,3,2,2,2,2,2,2,2,2
83,Random,838185,835515,6,6,5,5,5,3,3,3,3,3
84,Random,832185,827565,2,2,1,1,1,1,1,1,1,1
85,Random,812655,815745,3,3,3,3,3,3,3,3,2,2
86,Random,838455,836175,3,3,4,4,2,2,2,1,1,1
87,Random,850005,824415,3,3,3,3,3,3,3,3,3,3
88,Random,811965,829095,3,3,3,3,3,3,2,2,2,2
89,Random,848985,833835,3,3,2,2,2,2,2,1,1,1
90,Random,816885,805845,3,3,3,3,3,3,3,3,2,2
91,Random,854565,823965,2,2,2,2,2,2,2,2,2,2
92,Random,811605,819015,3,3,3,3,5,5,5,5,5,5
93,Random,845325,836565,3,3,3,3,3,3,3,2,2,2
94,Random,806955,814545,3,4,4,4,3,3,3,2,2,2
95,Random,840405,815655,3,3,3,4,4,4,3,3,2,2
96,Random,811275,826275,3,3,3,3,3,3,3,3,3,2
97,Random,844665,836415,6,6,6,6,6,6,6,6,6,6
98,Random,831945,812625,5,5,5,5,5,5,5,5,5,5
99,Random,833115,840705,3,3,3,3,3,3,3,3,3,3
100,Random,830625,824865,3,3,2,2,2,2,2,2,2,2
101,Random,840255,807285,2,2,2,2,1,1,1,1,1,1
102,Random,820245,819405,3,3,3,3,3,3,3,2,2,2
103,Random,822615,827925,2,2,2,2,2,1,1,1,1,1
104,Random,830565,837285,3,2,2,2,2,2,2,2,1,1
105,Random,837915,813045,2,2,2,2,2,1,1,1,1,1
106,Random,830175,826605,1,2,2,2,2,2,2,2,2,2
107,Random,844545,832365,3,3,3,3,5,5,5,5,5,5
108,Random,856545,824895,6,6,6,6,6,6,6,6,6,6
109,Random,845205,823125,2,2,2,1,1,1,1,1,1,1
110,Random,817815,814995,3,3,3,3,3,2,2,2,2,2
111,Random,829815,840465,3,3,3,3,3,3,3,3,3,3
112,Random,826815,830955,2,2,1,1,1,1,1,1,1,1
113,Random,850755,840195,3,2,2,1,1,1,1,1,1,1
114,Random,843615,844995,6,6,6,6,6,6,6,6,6,6
115,Random,827565,831015,2,2,1,1,1,1,1,1,1,1
116,Random,813585,814365,2,2,2,1,1,1,1,1,1,1
117,Random,842325,826605,2,2,1,1,1,1,1,1,1,1
118,Random,836775,836595,2,2,1,1,1,1,1,1,1,1
119,Random,850275,828405,2,1,1,1,1,1,1,1,1,1
120,Random,829215,826815,3,3,3,2,1,1,1,1,1,1
121,Random,840105,839145,3,3,3,3,3,2,2,2,2,2
122,Random,857325,827955,2,2,1,1,1,1,1,1,1,1
123,Random,833115,813885,2,1,1,1,1,1,1,1,1,1
124,Random,845325,842265,1,1,1,1,1,1,1,1,1,1
125,Random,832575,806025,3,2,2,2,2,2,2,2,2,2
126,Random,812085,810285,5,5,4,4,4,4,4,5,5,5
127,Random,834195,812475,4,4,5,5,5,5,5,5,5,5
128,Random,832545,829455,2,1,1,1,1,1,1,1,1,1
129,Random,823365,821055,3,3,3,3,2,2,2,2,2,1
130,Random,840285,812025,6,6,6,6,6,6,6,6,6,6
131,Random,832545,844305,2,2,2,2,3,3,3,2,2,2
132,Random,838035,823935,3,3,2,2,2,2,2,2,2,2
133,Random,832605,827505,1,1,1,1,1,1,1,1,1,1
134,Random,818565,809235,3,3,3,3,3,2,2,2,2,2
135,Random,812955,812175,3,3,3,3,3,3,3,3,2,2
136,Random,838125,829965,2,2,1,1,1,1,1,1,1,1
137,Random,830655,830115,3,3,3,3,3,3,3,3,3,3
138,Random,841065,814365,3,3,3,3,3,3,3,3,3,3
139,Random,807525,811815,2,2,1,1,1,1,1,1,1,1
140,Random,816525,811755,3,3,3,2,2,1,1,1,1,1
141,Random,811965,811845,2,2,1,1,1,1,1,1,1,1
142,Random,811695,811005,3,3,3,3,3,3,3,2,2,2
143,Random,829785,842265,3,3,3,3,2,1,1,1,1,1
144,Random,832725,815595,3,2,2,2,2,2,2,2,2,2
145,Random,844155,819735,3,4,4,4,4,4,4,4,4,4
146,Random,854955,838215,3,3,3,3,3,3,2,2,2,1
147,Random,814995,814545,3,3,3,3,3,3,3,3,3,3
148,Random,839355,808755,3,5,4,5,5,5,5,5,5,5
149,Random,847305,837075,3,2,2,2,2,2,2,2,2,2
150,Random,838965,813855,3,3,2,2,2,2,2,2,2,2
151,Random,806625,823005,5,5,5,5,5,5,5,5,5,5
152,Random,835305,838665,2,2,3,3,2,2,2,2,1,1
153,Random,831915,807135,3,2,2,2,2,2,2,2,2,2
154,Random,838935,844695,3,3,3,3,3,3,3,2,2,2
155,Random,830835,839745,3,3,1,1,5,5,5,5,5,5
156,Random,820065,820965,3,3,3,3,3,2,2,2,2,2
157,Random,814455,811905,2,2,2,2,2,2,2,2,2,2
158,Random,848925,837885,3,3,3,3,3,3,3,3,2,2
159,Random,816225,836055,3,3,5,5,5,5,3,5,5,5
160,Random,844695,803445,3,3,3,3,3,3,3,3,3,3
161,Random,816735,828585,4,4,4,4,4,4,4,4,4,4
162,Random,834405,840705,3,3,3,3,3,3,3,3,3,3
163,Random,816165,817665,3,2,2,2,2,2,2,2,2,2
164,Random,845805,832335,2,3,3,3,3,3,2,2,2,2
165,Random,825855,825495,3,3,2,2,2,2,5,5,5,5
166,Random,851295,828435,1,1,1,1,1,1,1,1,1,1
167,Random,838005,822885,5,5,5,5,5,5,5,5,5,5
168,Random,844275,831555,2,1,1,1,1,1,1,1,1,1
169,Random,833145,824895,3,2,2,2,2,2,2,2,1,1
170,Random,844035,803025,3,3,3,3,3,3,3,3,3,3
171,Random,811695,825645,4,4,5,5,5,4,4,3,3,3
172,Random,849945,834075,3,2,2,2,1,1,1,1,1,1
173,Random,828435,821235,5,5,5,5,5,5,5,5,5,5
174,Random,837465,843465,3,3,3,3,2,1,1,1,1,1
175,Random,845715,818205,6,6,5,5,5,4,3,3,2,2
176,Random,808845,818085,6,6,6,6,5,5,5,5,5,5
177,Random,805605,810345,3,3,3,3,3,3,3,3,3,3
178,Random,850095,825615,3,3,3,3,3,3,3,3,3,3
179,Random,812685,831945,3,3,3,3,3,3,2,2,2,2
180,Random,823485,822105,3,3,3,3,3,2,2,2,1,1
181,Random,832605,815955,5,5,5,5,5,5,5,5,5,5
182,Random,849045,830205,3,3,3,2,2,2,2,1,1,1
183,Random,825585,839385,3,3,5,5,5,5,5,5,5,5
184,Random,840915,839715,3,3,3,2,2,2,1,1,1,1
185,Random,817965,830985,4,4,4,4,4,2,2,2,2,2
186,Random,850965,835755,3,3,2,2,2,1,1,1,1,1
187,Random,834915,820935,5,5,5,5,5,5,5,5,5,5
188,Random,835095,826245,3,3,2,2,1,1,1,1,1,2
189,Random,830835,830925,3,3,3,3,3,3,3,3,3,3
190,Random,811605,814095,3,3,2,2,3,5,4,4,4,5
191,Random,830865,835725,3,3,3,3,3,2,1,1,1,1
192,Random,836685,813735,3,2,1,1,1,1,1,1,2,2
193,Random,821085,829725,3,3,4,4,3,3,2,2,2,2
194,Random,842265,818475,5,5,4,4,4,4,4,4,4,4
195,Random,841605,840075,3,3,2,2,2,2,2,2,2,2
196,Random,835155,833085,2,3,3,4,3,3,3,3,3,3
197,Random,819195,831345,2,2,2,2,2,2,2,2,2,2
198,Random,841875,825465,1,1,1,1,1,1,1,1,1,1
199,Random,809055,814875,3,3,3,3,3,3,2,2,1,1
200,Random,817305,832215,5,5,5,5,5,5,5,5,5,5
201,Random,810075,819285,6,6,6,6,5,5,5,5,5,5
202,Random,845745,819795,6,6,6,5,5,5,5,5,5,5
203,Random,803595,813255,3,2,2,2,2,2,2,2,2,2
204,Random,832425,843975,3,3,3,3,3,3,3,3,3,3
205,Random,851175,830355,3,3,3,3,2,2,2,2,2,2
206,Random,846885,816135,2,2,2,3,3,5,5,5,5,5
207,Random,816735,827715,3,3,3,3,3,3,3,3,3,3
208,Random,832665,831015,3,3,3,3,3,3,3,2,1,1
209,Random,849045,840765,3,3,3,3,3,3,3,2,2,2
210,Random,834705,833625,3,3,3,5,5,5,5,5,5,5
211,Random,827445,825645,3,3,2,2,2,2,2,2,2,2
212,Random,837765,819945,5,5,5,5,5,5,5,5,5,5
213,Random,844485,825915,2,1,1,1,1,1,1,1,1,1
214,Random,824985,841035,3,6,6,6,6,6,6,5,6,6
215,Random,819165,815865,3,3,3,3,3,3,3,2,2,2
216,Random,813345,820125,6,6,6,6,6,6,6,6,5,5
217,Random,859275,831135,3,3,3,3,3,3,3,3,3,3
218,Random,832545,840015,3,3,3,5,5,5,5,5,5,5
219,Random,833805,839355,2,2,2,1,1,1,1,1,1,1
220,Random,825225,831915,3,3,3,3,3,3,3,3,5,5
221,Random,839985,813465,2,2,1,1,1,1,1,1,1,1
222,Random,830745,830205,3,3,3,3,3,3,3,3,3,3
223,Random,824745,831075,2,2,2,2,2,2,2,2,1,1
224,Random,830805,832215,2,2,1,1,1,1,1,1,1,1
225,Random,827025,842895,3,3,6,6,6,6,3,6,6,5
226,Random,820245,832815,3,3,3,3,3,5,5,5,5,5
227,Random,813015,812625,3,3,3,3,3,3,3,3,3,3
228,Random,842055,818475,4,5,4,4,2,2,2,2,2,2
229,Random,809565,808815,3,3,2,2,1,1,1,1,1,1
230,Random,840855,822795,3,3,3,3,3,3,3,3,2,2
231,Random,852885,827805,2,6,6,6,6,6,6,6,6,6
232,Random,835335,824535,5,5,5,5,5,5,5,5,5,5
233,Random,818835,828105,2,2,3,4,3,3,3,3,2,2
234,Random,845235,823395,3,3,3,3,3,3,2,1,1,1
235,Random,830865,843735,3,3,3,3,3,3,2,2,1,1
236,Random,837675,838185,3,3,3,3,2,2,2,2,1,1
237,Random,834345,841935,3,3,3,3,3,3,3,3,3,3
238,Random,846435,838785,6,6,6,6,6,6,6,6,6,6
239,Random,813645,830685,4,4,4,4,4,4,4,4,4,4
240,Random,808665,812145,3,3,2,1,1,1,1,1,1,1
241,Random,831855,822075,6,6,6,5,5,5,5,5,5,5
242,Random,847575,829965,2,2,1,1,1,1,1,1,1,1
243,Random,848445,814245,3,3,3,3,3,2,1,1,1,2
244,Random,840075,837885,3,2,2,2,2,1,1,1,1,1
245,Random,842025,841005,3,3,3,3,3,2,1,1,1,1
246,Random,826455,837525,3,3,2,1,1,5,5,5,5,5
247,Random,849945,829005,3,3,3,3,3,3,3,2,2,2
248,Random,834345,836145,3,5,5,4,4,4,4,4,5,5
249,Random,809295,810375,3,3,3,3,2,1,1,1,1,1
250,Random,838305,825735,3,3,3,3,3,3,3,2,2,2
251,Random,823455,825675,3,2,2,2,2,2,2,2,2,2
252,Random,822345,813165,2,2,2,2,2,2,2,2,2,2
253,Random,855525,823665,3,3,3,2,2,2,2,1,1,1
254,Random,847305,815325,3,3,3,3,3,3,3,3,2,2
255,Random,834165,835545,2,2,1,1,1,1,1,1,1,1
256,Random,844095,820485,5,5,5,5,5,5,5,5,5,5
257,Random,847875,829095,2,2,2,1,1,1,1,1,1,1
258,Random,844425,820905,3,3,4,4,5,5,5,5,5,5
259,Random,843735,838665,6,6,6,6,6,6,6,6,6,6
260,Random,843285,827175,2,1,1,1,1,1,1,1,1,1
261,Random,840165,835035,2,2,3,3,3,3,2,1,1,1
262,Random,830985,815355,2,2,2,2,1,1,1,1,1,1
263,Random,842235,814215,4,5,5,5,5,5,5,5,5,5
264,Random,855165,827685,4,4,4,4,3,3,3,3,3,3
265,Random,828855,823995,3,3,2,5,5,5,5,5,5,5
266,Random,843495,839835,2,2,2,2,2,2,2,2,2,2
267,Random,814635,827265,6,6,6,5,5,5,5,5,5,5
268,Random,845175,840015,3,2,2,2,2,2,2,1,1,1
269,Random,833265,825675,3,2,1,1,1,1,1,1,1,1
270,Random,828615,839175,5,5,5,5,5,5,5,5,5,5
271,Random,810705,831225,2,2,2,5,5,5,5,5,5,5
272,Random,841395,819135,5,5,5,5,5,5,5,5,5,5
273,Random,840105,825195,2,2,1,1,1,1,1,1,1,1
274,Random,851925,834885,3,2,1,1,1,1,1,1,1,1
275,Random,844365,824445,3,2,4,5,5,5,5,5,5,5
276,Random,839475,838665,3,3,3,3,3,3,3,3,3,3
277,Random,851085,835605,3,3,3,3,3,3,2,2,2,2
278,Random,817485,837855,2,2,2,2,3,3,3,2,2,2
279,Random,817155,826695,2,2,2,3,3,3,3,2,2,2
280,Random,842715,843855,2,2,2,3,3,2,2,2,2,2
281,Random,844365,841455,3,3,3,3,3,3,3,2,2,2
282,Random,852315,833775,3,2,2,2,2,2,1,1,1,1
283,Random,856395,829935,2,2,2,2,2,2,2,2,2,1
284,Random,841725,834945,2,2,2,2,2,2,2,2,2,2
285,Random,825345,833115,5,5,5,5,5,5,5,5,5,5
286,Random,812025,827115,4,4,4,4,4,4,4,4,4,4
287,Random,837315,843705,2,2,2,1,1,1,1,1,1,1
288,Random,842925,823245,1,1,1,1,1,1,1,1,1,1
289,Random,807045,814695,3,3,4,4,4,3,3,3,3,2
290,Random,840555,840945,2,2,2,2,1,1,1,1,1,1
291,Random,830055,841485,3,3,5,5,5,5,5,5,5,5
292,Random,805215,809085,3,3,3,2,2,2,2,1,1,1
293,Random,805995,809655,3,3,3,3,2,2,2,2,2,2
294,Random,814245,816435,2,1,1,1,1,1,1,1,1,1
295,Random,837045,840885,2,2,3,3,2,2,2,2,2,1
296,Random,817605,817995,3,3,3,3,3,3,3,2,1,1
297,Random,831645,832665,2,2,1,1,1,1,1,1,1,1
298,Random,854955,839715,3,3,3,3,3,3,3,3,3,3
299,Random,810615,808035,3,3,2,2,1,1,1,1,1,1
300,Random,822075,827115,2,2,1,1,2,1,1,1,1,1
301,Random,835005,833445,3,2,2,2,2,1,1,1,1,1
302,Random,827085,839295,3,3,3,3,3,2,1,1,1,1
303,Random,813645,817275,3,3,2,2,2,2,2,2,2,2
304,Random,840915,825405,2,2,1,1,1,1,1,1,1,1
305,Random,833955,839265,2,2,2,2,1,1,1,1,1,1
306,Random,829455,832605,2,2,2,2,2,2,2,2,2,2
307,Random,827265,831645,3,3,3,3,3,3,3,3,3,3
308,Random,821835,830925,3,3,3,3,3,4,4,4,4,4
309,Random,832815,823755,3,3,2,2,2,2,2,2,2,2
310,Random,833595,814185,2,2,1,1,1,1,1,1,1,1
311,Random,833145,841125,1,1,1,5,4,4,4,4,4,4
312,Random,846045,814275,6,6,6,6,6,5,5,5,5,5
313,Random,855645,837075,4,3,3,3,3,3,2,2,1,1
314,Random,835065,843855,3,3,3,3,3,3,3,3,3,3
315,Random,844995,826545,3,3,5,5,5,5,5,5,5,5
316,Random,843045,840135,3,3,3,3,3,2,2,2,2,2
317,Random,811815,814935,2,2,2,2,2,2,2,2,2,2
318,Random,837015,827685,3,3,2,2,2,2,2,2,2,2
319,Random,840735,829905,6,6,6,6,5,5,5,5,5,5
320,Random,810855,812805,1,1,1,1,1,1,1,1,1,1
321,Random,843525,826935,3,3,2,1,1,1,1,1,1,1
322,Random,839295,815895,3,3,2,1,1,1,1,1,1,1
323,Random,834885,836175,3,3,3,3,2,2,2,2,2,2
324,Random,843465,824235,2,1,1,1,1,1,1,1,1,1
325,Random,817485,826425,4,4,4,2,3,2,2,2,2,3
326,Random,810225,826965,4,4,2,3,3,2,2,2,2,2
327,Random,805905,813585,3,2,2,2,2,2,1,1,1,1
328,Random,807735,814395,3,3,3,3,3,3,3,2,2,2
329,Random,807885,817695,6,6,6,6,5,5,5,5,5,5
330,Random,848985,832125,2,1,1,1,1,1,1,1,1,1
331,Random,841755,830415,3,2,2,2,2,2,2,1,1,1
332,Random,834135,839625,2,2,2,2,2,1,1,1,1,1
333,Random,809955,819705,6,6,6,6,5,5,5,5,5,5
334,Random,807525,811635,2,2,2,2,1,1,1,1,1,1
335,Random,832965,812625,3,3,2,2,2,2,2,2,2,1
336,Random,826485,833775,4,3,3,3,3,4,4,5,5,5
337,Random,817035,812925,3,3,3,3,2,2,2,2,1,1
338,Random,852645,830025,3,3,3,3,2,2,2,2,1,2
339,Random,810585,808215,3,2,1,1,1,1,1,1,1,1
340,Random,846135,838785,6,6,6,6,6,6,6,6,6,6
341,Random,842175,821235,3,2,2,2,2,4,4,4,4,4
342,Random,813015,826305,4,3,3,3,3,3,3,3,3,3
343,Random,830205,823755,5,5,5,5,5,3,3,3,3,3
344,Random,842415,812175,1,1,1,1,1,1,1,1,1,1
345,Random,816765,833955,3,3,3,3,5,5,5,5,5,5
346,Random,853935,829755,4,2,2,2,2,2,2,2,2,2
347,Random,821175,828075,2,2,2,2,2,2,2,2,2,2
348,Random,841215,824355,3,3,3,3,3,3,3,3,3,3
349,Random,814935,828525,5,5,5,5,5,5,5,5,5,5
350,Random,839985,823815,3,2,1,1,1,1,1,1,1,1
351,Random,858375,832395,4,4,4,2,2,2,3,3,2,2
352,Random,854145,829995,3,3,3,3,3,3,2,1,1,1
353,Random,843105,813735,2,5,5,5,5,5,5,5,5,5
354,Random,838635,844425,3,3,3,3,3,3,3,3,3,2
355,Random,832425,830775,3,3,3,3,3,3,3,3,2,2
356,Random,854025,820365,3,3,3,3,3,3,2,2,2,2
357,Random,841995,824265,2,1,1,1,1,1,1,1,1,1
358,Random,829725,837375,2,3,3,3,3,3,3,3,2,2
359,Random,836685,823305,3,3,3,3,3,2,2,2,2,2
360,Random,835875,821445,5,5,5,5,5,5,5,5,5,5
361,Random,830625,843315,3,3,4,4,4,3,4,4,3,4
362,Random,841425,843075,2,2,2,2,2,1,1,1,1,1
363,Random,845175,843675,2,2,2,2,2,2,2,2,2,2
364,Random,836295,834705,6,6,5,5,5,5,5,5,5,5
365,Random,841815,826095,3,3,3,3,3,3,3,3,3,3
366,Random,833025,831585,2,2,2,2,1,1,1,1,1,1
367,Random,839115,827835,6,6,5,5,5,5,5,5,5,5
368,Random,841785,827175,3,3,3,3,3,3,3,3,2,2
369,Random,824955,834885,3,2,2,2,2,5,2,2,2,2
370,Random,846525,827355,6,6,6,6,5,5,3,5,5,5
371,Random,840375,829065,2,2,2,2,2,2,2,2,2,1
372,Random,838725,812595,2,1,1,1,1,1,1,1,1,1
373,Random,818595,815055,3,3,2,2,2,2,2,2,2,1
374,Random,812595,815655,2,2,2,2,2,2,2,2,1,1
375,Random,818445,820185,3,2,2,2,2,2,2,2,2,2
376,Random,840495,820815,4,4,4,5,5,5,5,5,5,5
377,Random,804855,809955,3,3,3,3,3,3,2,2,2,2
378,Random,830745,836145,3,3,3,3,3,2,1,1,1,1
379,Random,827055,828855,2,2,2,2,1,1,1,1,1,1
380,Random,844425,822915,2,2,2,2,2,2,3,2,2,1
381,Random,818685,835665,6,6,6,5,5,5,5,5,5,5
382,Random,809505,814965,3,3,3,3,3,3,3,2,2,2
383,Random,836625,825435,3,3,5,5,5,5,5,5,5,5
384,Random,817995,816375,3,3,3,3,3,3,2,2,2,2
385,Random,843645,843165,1,1,1,1,1,1,1,1,1,1
386,Random,814545,830745,2,2,2,2,2,2,2,2,2,2
387,Random,853665,828585,3,1,1,1,1,1,1,1,1,1
388,Random,819675,818865,3,3,4,2,2,4,4,4,4,4
389,Random,835425,817635,5,5,5,5,5,5,5,5,5,5
390,Random,802065,810255,3,3,3,3,2,2,2,2,2,2
391,Random,820335,819855,3,3,3,3,3,3,3,2,2,2
392,Random,835215,835425,3,2,2,2,2,2,2,2,2,1
393,Random,828405,838905,3,3,3,3,3,3,3,3,3,3
394,Random,808725,814875,3,3,3,3,3,2,1,1,1,1
395,Random,817455,831465,3,3,3,3,5,5,5,5,5,5
396,Random,839955,814935,2,2,2,2,2,2,1,1,2,2
397,Random,842445,829575,3,3,2,2,2,2,2,2,2,2
398,Random,838125,812445,2,2,1,1,1,1,1,1,1,1
399,Random,809625,830355,3,2,2,5,5,5,5,4,4,5
400,Random,836685,819015,4,4,4,5,5,4,4,4,4,4
401,Random,828885,841635,3,3,4,4,4,3,3,3,3,3
402,Random,839835,821505,5,5,5,5,5,5,5,5,5,5
403,Random,836385,824415,2,1,1,1,1,1,1,1,1,1
404,Random,828405,830925,2,1,1,1,1,1,1,1,1,1
405,Random,839265,814545,3,2,2,2,2,2,2,2,2,2
406,Random,847155,839505,2,2,2,2,2,1,1,1,1,1
407,Random,809775,813795,3,2,2,2,1,1,1,1,1,1
408,Random,833625,831885,2,1,1,1,1,1,1,1,1,1
409,Random,810825,817035,6,6,6,6,5,5,5,5,5,5
410,Random,856455,830835,3,3,3,2,1,1,1,1,1,1
411,Random,832395,842805,4,4,4,4,4,4,3,3,3,3
412,Random,818415,815055,3,3,2,2,1,1,1,1,1,2
413,Random,801615,809475,3,3,3,2,2,2,2,2,2,2
414,Random,840645,838515,2,2,1,1,1,1,1,1,1,1
415,Random,807225,813465,3,3,2,2,2,2,2,2,2,1
416,Random,823425,834645,6,6,6,6,6,6,6,5,5,5
417,Random,843465,821925,3,3,3,3,3,2,2,2,1,1
418,Random,840885,822375,3,3,3,3,3,3,3,3,3,3
419,Random,816165,813525,3,2,2,2,2,1,1,1,1,1
420,Random,821115,833415,5,5,5,5,5,5,5,5,5,5
421,Random,832995,812865,3,3,3,3,2,2,2,2,1,1
422,Random,854355,824205,2,2,2,2,2,2,2,2,2,2
423,Random,856305,826695,3,2,2,2,2,2,2,1,1,1
424,Random,840495,823815,3,3,3,3,3,3,3,3,2,2
425,Random,835575,821295,5,5,5,5,5,5,5,5,5,5
426,Random,847755,837465,3,3,3,3,3,3,2,2,2,2
427,Random,838965,808395,3,3,3,3,3,3,3,3,3,2
428,Random,849375,833835,2,2,2,1,1,1,1,1,1,1
429,Random,822105,824985,4,3,2,2,2,2,2,2,2,2
430,Random,830055,805095,3,3,3,3,3,3,3,2,2,2
431,Random,831975,815265,3,3,3,3,2,2,2,2,1,1
432,Random,844095,818835,4,4,4,5,3,4,4,5,5,3
433,Random,816015,830535,5,5,5,5,5,5,5,5,5,5
434,Random,850965,824505,3,3,2,2,2,2,2,2,2,2
435,Random,809805,810195,3,3,3,2,2,2,1,1,1,1
436,Random,839625,811215,2,2,2,2,2,1,1,1,1,1
437,Random,821835,838965,6,6,6,3,3,3,3,3,3,3
438,Random,835875,822645,4,4,4,4,5,5,5,5,5,5
439,Random,810165,828045,3,3,3,3,3,3,2,1,1,1
440,Random,834435,825345,2,2,1,1,1,1,1,1,1,1
441,Random,828615,838485,3,3,3,3,3,5,5,5,5,5
442,Random,836475,826935,3,3,3,3,1,1,5,5,5,5
443,Random,828315,822765,3,3,3,3,3,3,3,2,2,2
444,Random,811425,826485,3,3,3,3,3,3,3,3,3,3
445,Random,835515,819075,5,5,5,5,5,5,5,5,5,5
446,Random,828135,830865,2,2,1,1,1,1,1,1,1,1
447,Random,824415,841125,6,6,6,6,6,6,6,6,6,6
448,Random,835065,821775,5,5,5,5,5,5,5,5,5,5
449,Random,822075,821985,3,3,3,3,3,3,3,2,2,2
450,Random,812415,814545,2,2,2,2,2,2,2,2,1,1
451,Random,821985,836295,6,6,6,6,5,6,6,6,6,6
452,Random,831915,814995,1,1,1,1,1,1,1,1,1,1
453,Random,829515,836085,2,2,3,2,2,2,2,2,2,2
454,Random,848715,829845,3,3,2,1,1,1,1,1,1,1
455,Random,828885,841125,4,4,5,5,5,5,5,5,3,3
456,Random,834855,837315,2,2,2,3,2,2,2,2,2,2
457,Random,804075,812955,5,5,5,5,5,5,5,5,5,5
458,Random,823365,827265,3,3,3,2,2,2,1,1,1,1
459,Random,816165,811845,3,3,3,1,1,1,1,1,1,1
460,Random,822195,830355,2,2,2,2,2,2,2,2,2,2
461,Random,818985,818655,3,3,2,4,4,2,2,2,2,2
462,Random,843555,810105,1,1,1,1,1,1,1,1,1,1
463,Random,824175,828105,3,3,3,2,2,2,2,2,2,2
464,Random,834225,821445,5,5,5,5,5,5,5,5,5,5
465,Random,844845,825975,4,4,3,3,4,4,3,3,5,5
466,Random,855405,827805,3,3,3,3,2,2,2,2,2,2
467,Random,843555,811515,3,3,2,2,2,2,2,2,2,2
468,Random,817755,817515,3,3,3,3,3,3,3,3,3,3
469,Random,848115,840855,2,2,2,2,2,2,2,2,2,2
470,Random,855855,824475,2,2,2,2,2,2,2,2,2,2
471,Random,809655,819405,6,6,6,6,5,5,5,5,5,5
472,Random,817185,831915,3,3,3,3,3,5,5,5,5,5
473,Random,848145,832605,3,3,3,3,3,3,3,3,2,2
474,Random,839685,827265,3,5,5,5,5,5,2,5,5,4
475,Random,825915,836445,1,1,1,1,1,1,1,1,1,1
476,Random,828825,824265,2,3,3,1,2,2,2,2,2,2
477,Random,837345,812535,1,1,1,1,1,1,1,1,1,1
478,Random,815835,832635,3,3,3,3,3,3,3,2,2,2
479,Random,835545,840345,3,3,3,3,3,3,3,2,2,2
480,Random,839625,842415,6,6,6,6,6,6,6,6,6,6
481,Random,844395,820815,6,6,5,5,5,5,5,5,5,5
482,Random,821445,829905,4,4,4,4,4,4,4,4,4,4
483,Random,833805,833325,3,3,3,3,3,3,3,3,2,2
484,Random,826065,825525,3,2,2,2,5,5,5,5,5,5
485,Random,837525,821085,5,5,5,5,5,5,5,5,5,5
486,Random,837465,845175,1,2,2,1,1,1,1,1,1,1
487,Random,832365,825795,5,5,5,5,5,5,5,5,5,5
488,Random,833175,816195,5,5,5,5,5,5,5,5,5,5
489,Random,816825,829215,3,3,3,3,3,2,2,2,2,2
490,Random,833445,833775,3,3,3,3,3,3,3,3,3,3
491,Random,848445,840345,3,2,2,2,2,2,2,2,2,2
492,Random,814695,817185,3,3,2,2,2,2,2,2,2,2
493,Random,851445,833565,4,3,3,2,2,1,1,1,1,1
494,Random,822315,821895,3,3,2,2,3,2,2,2,2,2
495,Random,845835,840495,3,2,2,2,2,2,2,2,2,2
496,Random,835185,838815,3,3,3,3,3,1,1,1,1,1
497,Random,828555,836565,3,3,3,3,3,3,3,3,3,3
498,Random,838335,812475,2,1,1,1,1,1,1,1,1,1
499,Random,840945,815805,5,5,5,5,5,5,5,5,5,5
500,Random,831705,827805,2,2,3,3,3,3,3,3,3,3
501,Random,821085,820305,3,3,3,3,3,2,2,2,2,2
502,Random,816345,808695,3,3,3,3,3,2,2,2,2,2
503,Random,819405,836895,6,6,6,6,6,6,6,6,6,6
504,Random,842205,827745,1,1,1,1,1,1,1,1,1,1
505,Random,839745,838035,2,2,1,1,1,1,1,1,1,1
506,Random,832545,820395,6,6,6,6,5,5,5,5,5,5
507,Random,842505,841635,3,2,2,1,1,1,1,1,1,1
508,Random,804555,813495,3,3,3,3,3,3,3,3,3,3
509,Random,855165,828555,3,3,3,3,2,2,2,1,1,1
510,Random,837165,843045,3,3,3,3,3,3,3,3,3,3
511,Random,838125,814935,3,2,2,3,2,2,2,2,2,2
512,Random,851145,837765,3,2,3,3,2,2,2,2,2,2
513,Random,855525,830775,2,2,2,2,2,1,1,1,1,1
514,Random,829185,831555,1,1,1,1,1,1,1,1,1,1
515,Random,815265,831435,4,3,3,3,3,4,4,5,5,5
516,Random,832125,832455,2,2,2,2,1,1,1,1,1,1
517,Random,822075,834165,3,3,3,3,3,3,3,5,5,5
518,Random,837645,845415,2,2,2,3,2,2,2,1,1,1
519,Random,846375,838305,6,6,6,6,6,6,6,6,6,6
520,Random,811215,824805,6,6,6,6,6,5,5,5,5,5
521,Random,839055,844785,3,3,3,3,3,3,3,2,2,2
522,Random,826005,836145,1,1,1,1,1,1,1,1,1,1
523,Random,813405,831105,3,3,3,3,3,3,3,3,3,3
524,Random,822015,825885,2,2,1,2,2,2,2,2,2,2
525,Random,846915,843165,2,2,2,2,2,2,2,2,2,2
526,Random,826185,843015,3,3,6,6,5,5,3,3,3,3
527,Random,817905,830655,4,4,4,4,4,4,4,4,2,2
528,Random,835905,840675,3,3,2,2,1,1,1,1,1,1
529,Random,834435,836265,2,2,2,3,2,2,2,1,1,2
530,Random,839625,823515,2,2,3,3,3,3,3,3,3,2
531,Random,838065,823275,2,2,4,4,4,4,4,4,5,5
532,Random,855855,825435,5,6,6,6,6,6,6,6,6,6
533,Random,841695,831945,6,6,5,5,5,5,5,5,5,5
534,Random,827415,827295,3,3,3,3,2,2,2,1,1,1
535,Random,856695,832485,2,2,3,3,3,3,3,3,3,3
536,Random,826545,835665,3,3,3,3,3,3,3,3,3,3
537,Random,812055,816735,6,6,6,6,5,5,5,5,5,5
538,Random,847815,812745,2,2,2,2,2,2,2,2,2,2
539,Random,833715,824385,3,2,2,2,1,1,1,1,1,1
540,Random,839235,821715,5,5,5,5,5,5,5,5,5,5
541,Random,834675,838935,3,3,3,3,3,3,3,2,2,2
542,Random,806775,820215,6,6,6,6,6,6,6,6,6,6
543,Random,849465,838425,3,3,2,1,1,1,1,1,1,1
544,Random,842805,809205,5,5,5,5,5,5,5,5,6,6
545,Random,838845,829935,3,3,3,3,3,3,3,3,3,3
546,Random,841335,824355,3,3,3,3,2,2,1,1,1,1
547,Random,843825,841425,3,3,2,2,2,2,2,2,2,2
548,Random,847275,841095,3,2,2,2,2,2,2,2,2,2
549,Random,831135,826665,4,4,4,4,4,4,4,4,4,4
550,Random,849675,831735,3,3,3,3,3,3,2,1,1,1
551,Random,832245,830715,3,3,3,3,3,3,3,3,2,2
552,Random,822075,832845,3,3,3,3,3,3,3,3,3,3
553,Random,811485,812955,3,3,2,2,2,2,1,1,1,1
554,Random,852555,827505,2,1,1,1,1,1,1,1,1,1
555,Random,820995,829575,3,3,3,3,3,3,1,1,1,1
556,Random,823575,821415,3,3,3,3,3,2,2,2,2,2
557,Random,839985,810555,2,2,1,1,1,1,1,1,1,1
558,Random,844095,829335,3,3,3,3,3,3,3,3,3,3
559,Random,835365,838515,2,2,2,2,2,2,2,1,1,1
560,Random,813075,828075,3,2,2,2,2,2,2,2,2,2
561,Random,822855,832635,2,2,2,2,2,2,2,2,2,2
562,Random,806565,813645,3,2,2,2,2,2,2,2,2,2
563,Random,843435,817935,3,3,3,3,3,3,2,2,2,2
564,Random,832995,839295,3,3,5,5,5,5,5,5,5,5
565,Random,841785,830205,2,2,2,2,2,2,2,2,2,2
566,Random,834645,829365,3,2,1,1,1,1,1,1,1,1
567,Random,811815,812145,3,3,3,3,3,2,1,1,1,1
568,Random,849975,829035,3,3,3,3,3,3,3,3,2,2
569,Random,852225,830505,3,3,3,3,3,2,2,1,1,1
570,Random,850935,844125,2,2,2,2,2,2,2,2,2,2
571,Random,831615,833325,2,2,2,2,2,2,2,2,2,2
572,Random,830475,823995,5,4,4,4,4,4,4,4,3,3
573,Random,841605,812685,2,1,1,1,1,1,1,1,1,1
574,Random,842535,841965,3,3,2,2,2,1,1,1,1,1
575,Random,833385,833235,2,3,3,3,3,3,3,3,3,3
576,Random,828585,843495,6,6,3,3,3,3,3,3,3,3
577,Random,810885,819975,6,6,6,6,5,5,5,5,5,5
578,Random,852435,829365,3,3,3,2,2,2,1,1,1,1
579,Random,834315,822405,5,5,5,5,5,5,5,5,5,5
580,Random,826815,834465,3,3,3,3,3,3,3,3,3,3
581,Random,835305,834735,6,5,5,5,5,5,5,5,5,5
582,Random,831975,804885,3,3,3,3,3,3,3,3,3,3
583,Random,844215,844815,2,2,2,2,1,1,1,1,1,1
584,Random,830745,828165,2,1,1,1,1,1,1,1,1,1
585,Random,840225,819555,5,5,5,5,5,5,5,5,5,5
586,Random,842565,811815,3,2,2,1,1,1,1,1,1,1
587,Random,842595,824205,3,3,3,3,3,3,3,3,3,3
588,Random,837675,840405,2,2,2,2,2,2,2,2,2,2
589,Random,828075,843225,3,3,3,3,3,3,3,3,3,3
590,Random,822105,825615,3,3,3,3,2,2,2,2,2,2
591,Random,855615,825255,5,6,6,6,6,6,6,6,6,6
592,Random,821565,839295,6,6,6,6,6,6,6,6,6,6
593,Random,843105,838575,3,2,2,2,2,2,2,2,2,2
594,Random,810315,812505,2,1,1,1,1,1,1,1,1,1
595,Random,824355,823845,3,3,3,3,3,5,5,5,5,5
596,Random,852825,830745,3,3,3,3,3,3,2,1,1,1
597,Random,822255,832125,3,2,2,3,3,3,3,3,3,3
598,Random,856755,830295,3,3,3,2,2,2,2,2,2,2
599,Random,834645,824745,2,1,1,1,1,1,1,1,1,1
600,Random,823395,832365,4,4,4,4,4,4,4,4,4,4
601,Random,804165,809655,3,3,3,3,2,2,2,2,2,2
602,Random,810795,829215,3,3,3,3,3,3,2,2,3,3
603,Random,830205,810255,3,3,3,3,3,3,3,3,3,3
604,Random,849795,828495,1,1,1,1,1,1,1,1,1,1
605,Random,820125,834285,3,3,2,2,5,5,5,5,5,5
606,Random,833205,831825,3,2,2,2,2,2,1,1,1,1
607,Random,840645,845445,3,3,3,3,3,3,3,3,3,3
608,Random,852585,831255,3,3,3,3,3,2,1,1,1,1
609,Random,838485,838335,3,3,3,3,2,2,2,1,1,1
610,Random,843825,820545,2,2,4,4,4,5,4,4,5,5
611,Random,848715,834495,2,2,1,1,1,1,1,1,1,1
612,Random,819015,830415,3,3,3,4,4,4,4,2,2,2
613,Random,838395,828405,5,5,5,5,5,5,5,5,5,5
614,Random,844095,842595,2,2,3,3,2,2,2,1,1,1
615,Random,841845,824745,1,1,1,1,1,1,1,1,1,1
616,Random,829695,840195,3,3,3,3,3,5,5,5,5,5
617,Random,828495,837075,3,3,3,3,2,2,2,2,2,2
618,Random,814605,814245,2,2,1,1,1,1,1,1,1,1
619,Random,851115,829905,3,3,3,3,3,3,3,2,2,1
620,Random,837795,835965,4,4,3,3,3,3,3,3,2,2
621,Random,834975,835005,3,3,5,5,5,5,5,5,5,5
622,Random,841005,823455,3,3,3,3,3,2,1,1,1,1
623,Random,822435,835485,6,6,6,3,3,6,3,3,3,3
624,Random,850035,843345,3,3,3,3,3,3,3,3,2,2
625,Random,831675,820575,6,6,6,6,5,5,5,5,5,5
626,Random,839715,816195,2,2,2,1,1,1,1,1,1,1
627,Random,848745,833115,3,2,2,2,1,1,1,1,1,1
628,Random,850035,829575,3,3,3,2,1,1,1,1,1,1
629,Random,834315,838155,3,3,3,3,3,3,3,3,3,3
630,Random,836655,818055,5,5,5,5,5,5,5,5,5,5
631,Random,857295,830985,4,3,3,3,3,3,3,3,3,3
632,Random,811605,831135,4,4,4,4,2,2,3,2,2,2
633,Random,825675,838005,3,3,3,3,2,2,2,2,2,2
634,Random,829185,826695,3,2,5,5,5,5,5,5,5,5
635,Random,836655,843525,3,2,2,2,2,2,2,2,2,2
636,Random,835155,820485,5,5,5,5,5,5,5,5,5,5
637,Random,829305,809535,6,6,2,2,2,2,2,2,2,2
638,Random,834015,833775,3,3,3,2,1,1,1,1,1,1
639,Random,811755,820065,6,6,6,6,5,5,5,5,5,5
640,Random,817725,814335,5,5,5,5,5,5,5,5,5,5
641,Random,813375,815145,2,2,2,2,2,2,2,1,1,1
642,Random,830895,831135,3,3,3,3,3,3,3,3,3,3
643,Random,816105,809775,3,2,2,2,2,2,2,2,2,2
644,Random,823545,828525,2,2,2,2,2,2,1,1,1,1
645,Random,818085,813345,3,4,4,4,4,4,2,1,1,1
646,Random,821835,825825,3,3,2,3,3,3,3,2,2,2
647,Random,833505,834105,2,2,1,1,1,5,5,5,5,5
648,Random,816765,811875,3,3,3,3,3,1,1,1,1,1
649,Random,826935,841275,3,3,3,3,3,3,3,3,3,3
650,Random,810975,812025,3,3,3,3,3,3,3,3,3,3
651,Random,813705,832215,4,4,2,3,3,3,3,3,3,3
652,Random,832275,828615,2,1,1,1,1,1,1,1,1,1
653,Random,831075,805605,3,3,3,3,3,3,2,1,1,1
654,Random,847995,833955,3,3,3,3,3,2,2,2,2,2
655,Random,852255,828735,3,3,3,3,3,3,3,2,2,2
656,Random,837945,819825,5,5,5,5,5,5,5,5,5,5
657,Random,854835,831285,2,2,1,1,1,1,1,1,1,1
658,Random,829485,822045,6,6,6,6,6,6,5,5,5,5
659,Random,810375,830085,2,2,2,2,2,2,2,2,1,1
660,Random,819315,820515,3,2,2,2,2,2,2,2,2,2
661,Random,823605,840135,6,6,6,6,6,6,6,6,6,6
662,Random,804825,813645,2,2,2,2,2,2,2,2,2,2
663,Random,834315,823305,1,1,1,1,1,1,1,1,1,1
664,Random,840345,823905,3,3,3,3,3,3,3,3,2,1
665,Random,837195,820275,5,5,5,5,5,5,5,5,5,5
666,Random,834945,818655,6,6,6,6,5,5,5,5,5,5
667,Random,824805,834675,3,3,3,3,4,4,4,4,4,4
668,Random,815565,831825,3,3,3,3,3,3,3,2,2,3
669,Random,823455,839205,6,6,6,6,6,6,6,6,6,6
670,Random,834045,824505,2,2,2,2,2,1,2,1,2,2
671,Random,829515,837045,3,3,3,3,3,3,3,3,2,2
672,Random,834165,830175,2,2,1,1,1,1,1,1,1,1
673,Random,823725,829065,2,2,2,2,2,2,2,2,1,1
674,Random,803625,809775,3,3,3,2,2,2,2,2,2,2
675,Random,834885,844155,3,3,3,3,3,3,3,3,3,3
676,Random,841125,813615,1,1,1,1,1,1,1,1,1,1
677,Random,813615,814845,3,3,3,3,3,2,2,2,2,2
678,Random,833925,813285,2,2,1,1,1,1,1,1,1,1
679,Random,832335,815925,2,2,2,3,3,3,3,1,1,1
680,Random,823995,825825,3,3,3,3,3,3,2,2,2,2
681,Random,825075,828795,3,3,2,1,1,1,1,1,1,1
682,Random,839685,809055,3,3,2,3,3,3,3,1,1,1
683,Random,843075,816615,4,4,4,3,3,3,3,3,2,2
684,Random,836355,834105,6,6,5,5,6,2,2,2,2,2
685,Random,839355,813375,2,2,1,1,1,1,1,1,1,1
686,Random,818805,837585,3,3,2,3,2,2,1,1,1,1
687,Random,857115,826335,4,3,3,3,3,3,3,2,2,2
688,Random,842205,820755,3,5,5,5,5,5,5,5,5,5
689,Random,837735,824595,2,2,1,1,1,1,2,1,1,1
690,Random,836385,821655,5,5,5,5,5,5,5,5,5,5
691,Random,855285,831795,3,3,3,3,3,2,2,2,1,1
692,Random,822555,829845,2,2,1,4,4,3,2,1,1,1
693,Random,822705,838185,6,5,5,5,5,5,5,5,5,5
694,Random,839715,826875,4,4,4,4,4,4,4,4,5,5
695,Random,814425,834285,3,3,3,5,5,5,5,5,5,3
696,Random,822435,816975,3,2,2,2,2,2,2,2,2,2
697,Random,809595,809055,3,3,3,3,3,3,2,2,2,2
698,Random,844905,803715,3,3,3,3,3,2,1,1,1,1
699,Random,820005,830505,3,3,3,3,2,1,1,2,1,1
700,Random,831705,808785,2,2,1,1,1,4,4,3,3,3
701,Random,818295,838365,3,3,2,2,2,3,3,3,3,3
702,Random,845055,823365,3,3,3,3,2,2,2,2,2,2
703,Random,835815,829785,3,3,3,3,3,3,3,3,2,2
704,Random,833025,827055,6,6,6,6,6,6,6,6,6,6
705,Random,843285,843885,2,2,2,2,2,2,2,2,2,2
706,Random,842505,837885,3,3,2,2,2,1,1,1,1,1
707,Random,848175,830415,3,3,3,3,2,1,1,1,1,1
708,Random,845955,803145,3,3,3,3,3,3,2,2,1,1
709,Random,826635,838425,2,2,2,2,2,2,2,2,2,2
710,Random,813195,829305,3,3,3,3,3,3,3,3,3,3
711,Random,840495,816315,5,5,5,5,5,5,5,5,5,5
712,Random,807225,820965,6,6,6,6,6,6,6,6,6,5
713,Random,836535,844545,3,3,3,3,4,4,2,2,2,2
714,Random,840135,845235,3,3,3,3,3,3,3,3,3,3
715,Random,830565,825315,5,5,5,5,5,5,5,5,5,5
716,Random,844455,829005,3,2,2,2,2,2,2,2,2,2
717,Random,809025,813915,3,3,3,3,3,3,3,3,3,3
718,Random,827925,830715,1,1,1,1,1,1,1,1,1,1
719,Random,842595,809565,2,2,2,2,2,2,2,2,1,1
720,Random,824745,827115,3,3,3,3,2,2,2,2,2,2
721,Random,852435,825015,2,2,2,2,2,2,2,2,2,2
722,Random,843555,814005,4,5,4,4,5,5,5,5,5,5
723,Random,817215,813645,1,1,1,1,1,1,1,1,1,1
724,Random,827865,833655,5,5,5,5,5,5,5,5,5,5
725,Random,836085,821295,5,5,5,5,5,5,5,5,5,5
726,Random,815235,831075,3,3,3,3,5,5,3,5,5,5
727,Random,836025,821715,5,5,5,5,5,5,5,5,5,5
728,Random,841455,821475,5,5,5,5,5,5,5,5,5,5
729,Random,847065,838155,6,6,6,6,6,6,6,6,6,6
730,Random,831375,827025,3,3,3,3,3,3,2,1,1,1
731,Random,814065,820005,6,6,6,6,6,6,6,6,5,5
732,Random,855285,832065,3,3,3,2,2,2,2,2,2,2
733,Random,813825,830235,3,3,3,3,3,3,3,2,2,2
734,Random,817755,812565,3,2,2,2,2,2,2,2,2,2
735,Random,838125,840015,2,2,2,2,2,2,2,2,2,2
736,Random,846255,841125,2,2,2,2,2,2,2,2,2,2
737,Random,850545,829935,2,2,2,2,2,2,2,1,1,1
738,Random,835095,826035,3,3,2,2,2,2,1,1,1,2
739,Random,849555,817995,3,2,2,2,2,2,2,2,2,2
740,Random,837165,837375,2,2,3,3,2,1,1,1,1,1
741,Random,815895,815145,3,3,3,3,3,3,2,2,2,2
742,Random,838575,842295,3,3,3,3,3,3,3,3,2,2
743,Random,836175,831195,1,1,1,1,1,1,1,1,1,1
744,Random,840525,808605,5,5,5,5,5,5,5,5,5,5
745,Random,805065,811905,4,3,3,3,3,3,3,3,3,2
746,Random,832425,824595,3,2,2,2,2,2,2,2,2,2
747,Random,815295,828345,5,5,5,5,5,5,5,5,5,5
748,Random,819675,830745,3,3,3,3,3,3,5,5,5,5
749,Random,846735,814305,3,3,3,3,3,4,4,3,3,3
750,Random,837795,834735,6,6,5,5,5,5,5,5,5,5
751,Random,844515,844635,2,2,3,2,2,2,2,2,2,2
752,Random,835395,845145,3,3,3,3,5,5,5,5,5,5
753,Random,822225,838215,6,6,6,6,6,6,6,6,6,6
754,Random,837285,837705,1,1,1,1,1,1,1,1,1,1
755,Random,836325,812925,2,2,2,2,2,2,2,2,2,2
756,Random,810435,825375,6,6,6,6,6,5,5,5,5,5
757,Random,811755,825015,6,6,6,6,6,5,5,5,5,5
758,Random,833625,824415,2,1,1,1,1,1,1,1,1,1
759,Random,820395,826605,6,6,6,6,6,6,6,6,6,6
760,Random,835365,819945,5,5,5,5,5,5,5,5,5,5
761,Random,844425,825525,3,2,2,2,2,2,1,1,1,1
762,Random,807555,812475,3,3,2,2,2,2,2,2,1,1
763,Random,841755,820815,4,2,3,3,1,1,1,4,5,5
764,Random,841155,840885,3,2,2,2,2,2,2,2,2,2
765,Random,847515,838545,6,6,6,6,6,6,6,6,6,6
766,Random,847065,837105,3,3,3,3,3,3,3,3,2,2
767,Random,832545,815085,2,1,1,1,1,1,1,1,1,1
768,Random,829875,838755,3,3,3,3,3,3,3,3,3,3
769,Random,812205,830775,4,3,3,3,4,4,4,4,4,4
770,Random,836145,836355,3,3,3,3,2,1,1,1,1,1
771,Random,851535,836535,3,3,2,2,2,2,2,2,2,2
772,Random,853695,833175,2,2,2,1,1,1,1,1,1,1
773,Random,843555,808305,1,1,1,1,1,1,1,1,1,1
774,Random,824535,841185,6,6,6,6,6,6,6,6,6,6
775,Random,821775,837165,6,6,6,6,6,6,6,6,6,6
776,Random,829005,821055,6,6,6,6,5,5,5,5,5,5
777,Random,843855,805155,3,3,3,3,3,3,3,4,4,4
778,Random,854745,822285,4,3,3,3,2,2,2,2,2,2
779,Random,822825,833175,4,4,4,4,4,4,4,4,4,4
780,Random,854565,824415,2,2,2,2,2,2,2,2,2,2
781,Random,857055,827295,3,3,3,3,3,3,2,1,1,1
782,Random,835455,841035,2,2,3,3,3,3,2,2,2,2
783,Random,842655,841605,3,3,2,2,2,2,2,2,2,2
784,Random,818655,830175,2,4,4,4,4,4,4,4,2,2
785,Random,827175,831675,3,3,3,3,3,3,3,3,3,3
786,Random,853305,830895,3,3,2,1,1,1,1,1,1,1
787,Random,841965,842715,2,2,1,1,1,1,1,1,1,1
788,Random,851085,827655,2,2,3,3,1,1,1,1,1,1
789,Random,854715,832695,1,2,2,2,1,1,1,1,1,1
790,Random,835995,835305,2,5,5,5,5,5,5,5,5,5
791,Random,834345,840885,3,3,3,3,3,3,5,5,5,5
792,Random,854985,828705,2,2,2,2,2,2,2,2,1,2
793,Random,849645,824085,2,2,2,2,2,2,2,2,2,2
794,Random,851145,833355,3,3,3,3,2,2,2,2,2,2
795,Random,809565,808635,3,3,2,2,2,2,2,2,2,2
796,Random,817245,828945,2,2,2,2,2,2,2,2,2,2
797,Random,850785,832095,3,3,2,2,2,2,1,1,1,1
798,Random,854745,837945,3,3,3,3,3,3,3,2,1,1
799,Random,811905,830685,4,4,4,4,4,4,4,4,4,4
800,Random,831165,843405,3,3,2,1,1,1,1,1,1,1
801,Random,832515,829905,3,3,3,3,3,2,1,1,1,1
802,Random,853335,828735,2,1,1,1,1,1,1,1,1,1
803,Random,825885,838485,5,5,5,5,5,5,5,5,5,5
804,Random,845895,837345,6,6,6,6,6,6,6,6,6,6
805,Random,808425,802545,3,2,2,2,2,2,2,2,2,2
806,Random,841485,814515,2,2,1,1,1,1,1,1,1,1
807,Random,816885,831675,5,5,5,5,5,5,5,5,5,5
808,Random,816405,813015,2,1,1,1,1,1,1,1,1,1
809,Random,839835,820695,5,5,5,5,5,5,5,5,5,5
810,Random,822675,835395,6,6,6,6,6,6,6,6,6,6
811,Random,862095,845625,3,2,2,1,1,1,1,1,1,1
812,Random,849405,814245,3,3,3,3,3,3,2,2,2,2
813,Random,849795,824745,4,4,4,4,4,4,4,4,4,4
814,Random,836835,839415,2,2,1,1,1,1,1,1,1,1
815,Random,861945,845535,3,3,3,3,3,3,3,2,1,1
816,Random,821145,824595,4,3,3,3,3,3,3,2,2,3
817,Random,846615,829635,1,1,1,1,1,1,1,1,1,1
818,Random,855105,831975,3,3,3,3,2,2,2,2,2,2
819,Random,808095,810855,2,2,2,2,2,2,2,2,2,2
820,Random,835305,820485,5,5,5,5,5,5,5,5,5,5
821,Random,843285,824505,3,1,1,1,1,1,1,1,1,1
822,Random,818085,818985,3,3,3,3,3,3,2,2,2,2
823,Random,832335,839715,5,5,5,5,5,5,5,5,5,5
824,Random,829335,834015,2,2,2,2,1,1,1,1,1,1
825,Random,831015,840165,5,5,5,5,5,5,5,5,5,5
826,Manual,812056,826784,4,4,4,4,4,4,4,4,4,4
827,Manual,811273,826934,4,4,4,4,4,4,4,4,4,4
828,Manual,810674,826845,4,4,4,4,4,4,4,4,4,4
829,Manual,810916,826814,4,4,4,4,4,4,4,4,4,4
830,Manual,811124,827805,4,4,4,4,4,4,4,4,4,4
831,Manual,810647,828676,4,4,4,4,4,4,4,4,4,4
832,Manual,810465,830445,4,4,4,4,4,4,4,4,4,4
833,Manual,811815,830296,4,4,4,4,4,4,4,4,4,4
834,Manual,812294,831165,4,4,4,4,4,4,4,4,4,4
835,Manual,812413,830236,4,4,4,4,4,4,4,4,4,4
836,Manual,813464,830295,4,4,4,4,4,4,4,4,4,4
837,Manual,811636,829034,4,4,4,4,4,4,4,4,4,4
838,Manual,812836,827624,4,4,3,3,4,4,4,4,4,4
839,Manual,812895,826666,4,4,4,4,4,4,4,4,3,3
840,Manual,813044,828587,4,4,4,4,4,4,4,4,4,4
841,Manual,813047,829245,4,4,4,4,4,4,4,4,4,4
842,Manual,809984,829246,4,4,4,4,4,4,4,4,4,4
843,Manual,813856,831076,4,4,4,4,4,4,4,4,4,4
844,Manual,814304,831557,3,4,4,4,4,4,4,4,4,4
845,Manual,814935,832308,4,4,4,4,4,4,4,4,4,4
846,Manual,814755,832724,4,4,4,4,4,4,4,4,4,4
847,Manual,815416,833506,4,4,4,4,4,4,4,4,4,4
848,Manual,814816,833864,4,4,4,4,4,4,4,4,4,4
849,Manual,813016,832425,4,4,4,4,4,4,4,4,4,4
850,Manual,813586,833086,4,4,4,4,4,4,4,4,4,4
851,Manual,813887,833776,4,4,4,4,4,4,4,4,4,4
852,Manual,813767,831974,4,4,4,4,4,4,4,4,4,4
853,Manual,814548,833446,4,4,4,4,4,4,4,4,4,4
854,Manual,813252,831796,4,4,4,4,4,4,4,4,4,4
855,Manual,811126,829786,4,4,4,4,4,4,4,4,4,4
856,Manual,815206,833023,4,4,4,4,4,4,4,4,4,4
857,Manual,814726,834075,4,4,4,4,4,4,4,4,4,4
858,Manual,812295,828075,4,4,4,4,4,4,4,4,4,4
859,Manual,817516,828344,3,4,4,4,4,4,4,4,4,4
860,Manual,817754,829213,3,3,3,3,3,3,4,4,4,4
861,Manual,818715,827203,4,4,4,4,4,4,4,4,4,4
862,Manual,819374,827834,4,4,4,4,4,4,4,4,4,4
863,Manual,819076,828494,3,3,3,4,4,4,4,4,4,4
864,Manual,816977,827413,4,4,4,4,4,4,4,4,4,4
865,Manual,817846,827474,3,3,3,3,3,3,3,3,3,3
866,Manual,819496,826605,4,4,4,4,4,4,4,4,4,4
867,Manual,821775,825856,3,4,4,4,4,4,4,4,4,4
868,Manual,824504,826095,3,3,4,4,3,3,3,3,3,3
869,Manual,826216,826965,3,3,3,3,4,4,4,4,3,3
870,Manual,819315,828975,3,3,4,4,4,4,4,4,4,4
871,Manual,819374,830084,3,4,4,4,4,4,4,4,4,4
872,Manual,819677,830206,3,3,3,3,3,3,3,3,3,3
873,Manual,818654,830652,3,4,4,4,4,4,4,4,4,4
874,Manual,818837,831495,3,3,4,4,4,4,4,4,4,4
875,Manual,818566,831884,3,4,4,4,4,4,4,4,4,4
876,Manual,823696,830474,4,4,4,4,4,4,4,4,4,4
877,Manual,822644,829275,3,4,4,4,4,4,4,4,4,4
878,Manual,823214,832336,4,4,4,4,4,4,4,4,4,4
879,Manual,862185,844605,4,4,4,4,4,4,4,4,4,4
880,Manual,833266,824414,3,3,4,4,4,4,4,4,4,4
881,Manual,822495,821207,4,4,4,4,4,4,4,4,4,4
882,Manual,823426,820607,4,4,4,4,4,4,4,4,4,4
883,Manual,823456,822375,4,4,4,4,4,4,4,4,3,3
884,Manual,818655,809624,3,3,3,3,3,3,3,3,3,3
885,Manual,816435,809984,3,3,3,3,3,3,3,3,3,3
886,Manual,816822,815837,4,4,4,4,4,4,4,4,4,4
887,Manual,817213,816102,4,4,4,4,4,4,4,4,4,4
888,Manual,819466,815682,3,4,4,4,4,4,4,4,4,4
889,Manual,819794,814243,4,4,4,4,4,4,4,4,4,4
890,Manual,817877,814484,4,4,4,4,4,4,4,4,4,4
891,Manual,831944,806744,4,4,4,4,4,4,4,4,3,3
892,Manual,830415,809625,4,4,4,4,4,4,4,4,4,4
893,Manual,845776,803474,3,3,4,4,4,4,4,4,4,4
894,Manual,844184,804974,3,3,4,4,4,4,4,4,4,4
895,Manual,849465,805037,4,4,4,4,4,4,4,4,4,4
896,Manual,843109,809957,3,3,3,3,3,4,4,4,4,4
897,Manual,843884,809983,4,4,4,4,4,4,4,4,4,4
898,Manual,844756,810105,4,4,4,4,4,4,4,4,4,4
899,Manual,850125,818294,4,4,4,4,4,4,4,4,4,4
900,Manual,856456,823994,4,4,4,4,4,4,4,4,4,4
901,Manual,856214,823786,4,4,4,4,4,4,4,4,4,4
902,Manual,850665,824354,4,4,4,4,4,4,4,4,4,4
903,Manual,850127,824623,4,4,4,4,4,4,4,4,4,4
904,Manual,850395,823274,4,4,4,4,4,4,4,4,4,4
905,Manual,850184,824325,4,4,4,4,4,4,4,4,4,4
906,Manual,834524,826905,3,4,4,4,4,4,4,4,4,4
907,Manual,834105,826394,4,4,4,4,4,4,4,4,4,4
908,Manual,850605,836474,4,4,4,4,4,4,4,4,4,4
909,Manual,850245,835035,4,4,4,4,4,4,4,4,4,4
910,Manual,850035,836115,4,4,4,4,4,4,4,4,4,4
911,Manual,853037,837224,4,4,4,4,4,4,4,4,4,4
912,Manual,809293,808127,4,4,4,4,4,4,4,4,4,4
913,Manual,852825,824712,4,4,4,3,3,3,3,3,3,3
914,Manual,854745,827566,4,4,4,4,4,4,4,4,4,4
915,Manual,858135,825376,4,4,4,4,4,4,4,4,4,4
916,Manual,856396,828615,4,4,4,4,4,4,4,4,4,4
917,Manual,855169,829724,4,4,4,4,4,4,4,4,3,3
918,Manual,854143,830715,4,4,4,4,4,4,4,4,4,4
919,Manual,855195,831975,4,4,4,4,4,4,4,4,4,4
920,Manual,855346,834285,4,4,4,4,4,4,4,4,4,4
921,Manual,859606,830805,4,4,4,4,4,4,4,4,4,4
922,Manual,858675,831377,4,4,4,4,4,4,4,4,4,4
923,Manual,858376,832665,4,4,4,4,4,4,4,4,4,4
924,Manual,857954,831943,4,4,4,4,4,4,4,4,4,4
925,Manual,843077,816347,4,4,4,4,4,4,4,4,4,4
926,Manual,818326,837256,6,6,6,6,6,6,6,6,6,6
927,Manual,818684,837046,6,6,6,6,6,6,6,6,6,6
928,Manual,819013,836024,6,6,6,6,6,6,6,6,6,6
929,Manual,819583,836264,6,6,6,6,6,6,6,6,6,6
930,Manual,819706,836746,6,6,6,6,6,6,6,6,6,6
931,Manual,820066,836955,6,6,6,6,6,6,6,6,6,6
932,Manual,820425,837285,6,6,6,6,6,6,6,6,6,6
933,Manual,821205,837105,6,6,6,6,6,6,6,6,6,6
934,Manual,820755,836749,6,6,6,6,6,6,6,6,6,6
935,Manual,821415,835247,6,6,6,6,6,6,6,6,6,6
936,Manual,822105,835003,6,6,6,6,6,6,6,6,6,6
937,Manual,822554,835123,6,6,6,6,6,6,6,6,6,6
938,Manual,822015,836029,6,6,6,6,6,6,6,6,6,6
939,Manual,823004,836085,6,6,6,6,6,6,6,6,6,6
940,Manual,823364,836597,6,6,6,6,6,6,6,6,6,6
941,Manual,822044,836685,6,6,6,6,6,6,6,6,6,6
942,Manual,821175,836354,6,6,6,6,6,6,6,6,6,6
943,Manual,821894,837526,6,6,6,6,6,6,6,6,6,6
944,Manual,821597,838367,6,6,6,6,6,6,6,6,6,6
945,Manual,821895,838846,6,6,6,6,6,6,6,6,6,6
946,Manual,821865,839564,6,6,6,6,6,6,6,6,6,6
947,Manual,822435,839957,6,6,6,6,6,6,6,6,6,6
948,Manual,822702,840344,6,6,6,6,6,6,6,6,6,6
949,Manual,822285,837195,6,6,6,6,6,6,6,6,6,6
950,Manual,823607,838426,6,6,6,6,6,6,6,6,6,6
951,Manual,823064,838874,6,6,6,6,6,6,6,6,6,6
952,Manual,822345,839083,6,6,6,6,6,6,6,6,6,6
953,Manual,823214,839654,6,6,6,6,6,6,6,6,6,6
954,Manual,823993,839385,6,6,6,6,6,6,6,6,6,6
955,Manual,823875,839986,6,6,6,6,6,6,6,6,6,6
956,Manual,824264,840435,6,6,6,6,6,6,6,6,6,6
957,Manual,825076,839863,6,6,6,6,6,6,6,6,6,6
958,Manual,824293,840824,6,6,6,6,6,6,6,6,6,6
959,Manual,825553,841872,6,6,6,6,6,6,6,6,6,6
960,Manual,825287,841188,6,6,6,6,6,6,6,6,6,6
961,Manual,826545,841936,6,6,6,6,6,6,6,6,6,6
962,Manual,827655,843496,6,6,6,6,6,6,6,6,6,6
963,Manual,827747,842894,6,6,6,6,6,6,6,6,6,6
964,Manual,839442,843464,6,6,6,6,6,6,6,6,6,6
965,Manual,839714,842086,6,6,6,6,6,6,6,6,6,6
966,Manual,840377,842565,6,6,6,6,6,6,6,6,6,6
967,Manual,845414,842864,6,6,6,6,6,6,6,6,6,6
968,Manual,842474,836356,6,6,6,6,6,6,6,6,6,6
969,Manual,835876,834552,6,6,6,6,6,6,6,6,6,6
970,Manual,839952,829037,6,6,6,6,6,6,6,6,6,6
971,Manual,839115,828196,6,6,6,6,6,6,6,6,6,6
972,Manual,820906,827055,6,6,6,6,6,6,6,6,6,6
973,Manual,821115,826457,6,6,6,6,6,6,6,6,6,6
974,Manual,833626,828164,6,6,6,6,6,6,6,6,6,6
975,Manual,833354,827356,6,6,6,6,6,6,6,6,6,6
976,Manual,834256,823937,6,6,6,6,6,6,6,6,6,6
977,Manual,833323,823906,6,6,6,6,6,6,6,6,6,6
978,Manual,833563,823426,6,6,6,6,6,6,6,6,6,6
979,Manual,803715,812475,6,6,6,6,6,6,6,6,6,6
980,Manual,807015,810075,6,6,6,6,6,6,6,6,6,6
981,Manual,807796,810943,6,6,6,6,6,6,6,6,6,6
982,Manual,832217,814036,6,6,6,6,6,6,6,6,6,6
983,Manual,834705,812742,6,6,6,6,6,6,6,6,6,6
984,Manual,834974,813134,6,6,6,6,6,6,6,6,6,6
985,Manual,838186,813104,6,6,6,6,6,6,6,6,6,6
986,Manual,839596,813464,6,6,6,6,6,6,6,6,6,6
987,Manual,840826,811519,6,6,6,6,6,6,6,6,6,6
988,Manual,839836,812085,6,6,6,6,6,6,6,6,6,6
989,Manual,849883,828044,6,6,6,6,6,6,6,6,6,6
990,Manual,814754,826784,6,6,6,6,6,6,6,6,6,6
991,Manual,814845,827356,6,6,6,6,6,6,6,6,6,6
992,Manual,847541,837947,6,6,6,6,6,6,6,6,6,6
993,Manual,853396,826694,6,6,6,6,6,6,6,6,6,6
994,Manual,854956,825645,6,6,6,6,6,6,6,6,6,6
995,Manual,825824,829666,6,6,6,6,6,6,6,6,6,6
996,Manual,835425,839625,6,6,6,6,6,6,6,6,6,6
997,Manual,843045,837974,6,6,6,6,6,6,6,6,6,6
998,Manual,843845,836907,6,6,6,6,6,6,6,6,6,6
999,Manual,845042,837793,6,6,6,6,6,6,6,6,6,6
1000,Manual,837887,826815,6,6,6,6,6,6,6,6,6,6
