<metadata xml:lang="en"><Esri><CreaDate>20231014</CreaDate><CreaTime>19404900</CreaTime><ArcGISFormat>1.0</ArcGISFormat><SyncOnce>FALSE</SyncOnce><DataProperties><lineage><Process ToolSource="c:\program files (x86)\arcgis\desktop10.8\ArcToolbox\Toolboxes\Data Management Tools.tbx\Project" Date="20231014" Time="194049">Project CountryPark M:\PhDProject\HabitatChange_GISData\CountryPark\CountryPark_hk1980.shp PROJCS['Hong_Kong_1980_Grid',GEOGCS['GCS_Hong_Kong_1980',DATUM['D_Hong_Kong_1980',SPHEROID['International_1924',6378388.0,297.0]],PRIMEM['Greenwich',0.0],UNIT['Degree',0.0174532925199433]],PROJECTION['Transverse_Mercator'],PARAMETER['False_Easting',836694.05],PARAMETER['False_Northing',819069.8],PARAMETER['Central_Meridian',114.1785555555556],PARAMETER['Scale_Factor',1.0],PARAMETER['Latitude_Of_Origin',22.31213333333334],UNIT['Meter',1.0]] Hong_Kong_1980_To_WGS_1984_1 GEOGCS['GCS_WGS_1984',DATUM['D_WGS_1984',SPHEROID['WGS_1984',6378137.0,298.257223563]],PRIMEM['Greenwich',0.0],UNIT['Degree',0.0174532925199433]] NO_PRESERVE_SHAPE # NO_VERTICAL</Process><Process ToolSource="c:\program files (x86)\arcgis\desktop10.8\ArcToolbox\Toolboxes\Data Management Tools.tbx\Merge" Date="20240115" Time="211216">Merge CountryPark_hk1980;SSSI;CA M:\PhDProject\HabitatChange_GISData\CountryPark\ProtectedAreas.shp "name_zh "name_zh" true true false 254 Text 0 0 ,First,#,CountryPark_hk1980,name_zh,-1,-1;name_en "name_en" true true false 254 Text 0 0 ,First,#,CountryPark_hk1980,name_en,-1,-1;name "name" true true false 254 Text 0 0 ,First,#,CountryPark_hk1980,name,-1,-1;ZONE_LABEL "ZONE_LABEL" true true false 10 Text 0 0 ,First,#,SSSI,ZONE_LABEL,-1,-1,CA,ZONE_LABEL,-1,-1"</Process><Process ToolSource="c:\program files (x86)\arcgis\desktop10.8\ArcToolbox\Toolboxes\Data Management Tools.tbx\CalculateField" Date="20240115" Time="211321">CalculateField ProtectedAreas Type "Country Parks" VB #</Process><Process ToolSource="c:\program files (x86)\arcgis\desktop10.8\ArcToolbox\Toolboxes\Data Management Tools.tbx\CalculateField" Date="20240115" Time="211349">CalculateField ProtectedAreas Type "SSSI" VB #</Process><Process ToolSource="c:\program files (x86)\arcgis\desktop10.8\ArcToolbox\Toolboxes\Data Management Tools.tbx\CalculateField" Date="20240115" Time="211410">CalculateField ProtectedAreas Type "CA" VB #</Process><Process ToolSource="c:\program files (x86)\arcgis\desktop10.8\ArcToolbox\Toolboxes\Data Management Tools.tbx\CalculateField" Date="20240115" Time="211455">CalculateField ProtectedAreas AppearYear 1975 VB #</Process><Process ToolSource="c:\program files (x86)\arcgis\desktop10.8\ArcToolbox\Toolboxes\Data Management Tools.tbx\CalculateField" Date="20240115" Time="211834">CalculateField ProtectedAreas AppearYear 0 VB #</Process><Process ToolSource="c:\program files (x86)\arcgis\desktop10.8\ArcToolbox\Toolboxes\Data Management Tools.tbx\CalculateField" Date="20240116" Time="201244">CalculateField ProtectedAreas EndYear 9999 VB #</Process><Process ToolSource="c:\program files (x86)\arcgis\desktop10.8\ArcToolbox\Toolboxes\Data Management Tools.tbx\CalculateField" Date="20240119" Time="200313">CalculateField ProtectedAreas access 0.5 VB #</Process><Process ToolSource="c:\program files (x86)\arcgis\desktop10.8\ArcToolbox\Toolboxes\Data Management Tools.tbx\CalculateField" Date="20240119" Time="200327">CalculateField ProtectedAreas access 0.7 VB #</Process><Process ToolSource="c:\program files (x86)\arcgis\desktop10.8\ArcToolbox\Toolboxes\Data Management Tools.tbx\CalculateField" Date="20240119" Time="200355">CalculateField ProtectedAreas access 0.9 VB #</Process><Process ToolSource="c:\program files (x86)\arcgis\desktop10.8\ArcToolbox\Toolboxes\Analysis Tools.tbx\Union" Date="20240522" Time="151010">Union "ProtectedAreas #;Ramsar #" M:\PhDProject\HabitatChange_GISData\CountryPark\ProtectedAreas_v2.shp ALL # GAPS</Process><Process ToolSource="c:\program files (x86)\arcgis\desktop10.8\ArcToolbox\Toolboxes\Data Management Tools.tbx\CalculateField" Date="20240522" Time="151647">CalculateField ProtectedAreas_v2 AppearYear 1995 VB #</Process><Process ToolSource="c:\program files (x86)\arcgis\desktop10.8\ArcToolbox\Toolboxes\Data Management Tools.tbx\CalculateField" Date="20240522" Time="151654">CalculateField ProtectedAreas_v2 access 0.5 VB #</Process><Process ToolSource="c:\program files (x86)\arcgis\desktop10.8\ArcToolbox\Toolboxes\Data Management Tools.tbx\CalculateField" Date="20240522" Time="151706">CalculateField ProtectedAreas_v2 Type "Ramsar Site" VB #</Process><Process ToolSource="c:\program files\arcgis\pro\Resources\ArcToolbox\toolboxes\Data Management Tools.tbx\Rename" Date="20250323" Time="223018">Rename M:\PhDProject\code_github\archive\HabitatChange\GISData\HumanAct\ProtectedAreas.shp M:\PhDProject\code_github\archive\HabitatChange\GISData\HumanAct\CountryParksProtectedAreas.shp ShapeFile</Process><Process ToolSource="c:\program files\arcgis\pro\Resources\ArcToolbox\toolboxes\Data Management Tools.tbx\DeleteField" Date="20250323" Time="223052">DeleteField CountryParksProtectedAreas access DELETE_FIELDS</Process><Process ToolSource="c:\program files\arcgis\pro\Resources\ArcToolbox\toolboxes\Data Management Tools.tbx\CalculateField" Date="20250323" Time="223216">CalculateField CountryParksProtectedAreas Type 'Country Parks and Special Areas' PYTHON3 # TEXT NO_ENFORCE_DOMAINS</Process><Process ToolSource="c:\program files\arcgis\pro\Resources\ArcToolbox\toolboxes\Data Management Tools.tbx\CalculateField" Date="20250323" Time="223306">CalculateField CountryParksProtectedAreas Type 'Conservation Area' PYTHON3 # TEXT NO_ENFORCE_DOMAINS</Process><Process ToolSource="c:\program files\arcgis\pro\Resources\ArcToolbox\toolboxes\Data Management Tools.tbx\CalculateField" Date="20250323" Time="223347">CalculateField CountryParksProtectedAreas Type 'Sites of special scientific interest' PYTHON3 # TEXT NO_ENFORCE_DOMAINS</Process><Process ToolSource="c:\program files\arcgis\pro\Resources\ArcToolbox\toolboxes\Data Management Tools.tbx\Merge" Date="20250323" Time="224338">Merge CountryParksProtectedAreas;RobinsNest_CountryPark C:\Users\s1155048803\AppData\Local\Temp\ArcGISProTemp10532\Untitled\Default.gdb\CountryParksProtectedA_Merge # NO_SOURCE_INFO USE_FIRST_SCHEMA</Process><Process ToolSource="c:\program files\arcgis\pro\Resources\ArcToolbox\toolboxes\Data Management Tools.tbx\Dissolve" Date="20250323" Time="224453">Dissolve CountryParksProtectedA_Merge C:\Users\s1155048803\AppData\Local\Temp\ArcGISProTemp10532\Untitled\Default.gdb\CountryParksProtect_Dissolve1 Type;AppearYear;EndYear # SINGLE_PART DISSOLVE_LINES #</Process><Process ToolSource="c:\program files\arcgis\pro\Resources\ArcToolbox\toolboxes\Data Management Tools.tbx\CalculateField" Date="20250323" Time="224627">CalculateField CountryParksProtect_Dissolve1 AppearYear 0000 PYTHON3 # TEXT NO_ENFORCE_DOMAINS</Process><Process ToolSource="c:\program files\arcgis\pro\Resources\ArcToolbox\toolboxes\Data Management Tools.tbx\CalculateField" Date="20250323" Time="224640">CalculateField CountryParksProtect_Dissolve1 EndYear 9999 PYTHON3 # TEXT NO_ENFORCE_DOMAINS</Process><Process ToolSource="c:\program files\arcgis\pro\Resources\ArcToolbox\toolboxes\Data Management Tools.tbx\CalculateField" Date="20250323" Time="224729">CalculateField CountryParksProtect_Dissolve1 Type 'Sites of Special Scientific Interest' PYTHON3 # TEXT NO_ENFORCE_DOMAINS</Process><Process ToolSource="c:\program files\arcgis\pro\Resources\ArcToolbox\toolboxes\Data Management Tools.tbx\Dissolve" Date="20250323" Time="225047">Dissolve CountryParksProtect_Dissolve1 C:\Users\s1155048803\AppData\Local\Temp\ArcGISProTemp10532\Untitled\Default.gdb\CountryParksProtect_Dissolve2 Type;AppearYear;EndYear # SINGLE_PART DISSOLVE_LINES #</Process><Process ToolSource="c:\program files\arcgis\pro\Resources\ArcToolbox\toolboxes\Conversion Tools.tbx\ExportFeatures" Date="20250323" Time="230009">ExportFeatures CountryParksProtect_Dissolve2 M:\PhDProject\code_github\archive\HabitatChange\GISData\HumanAct\CountryParksProtectedAreas.shp # NOT_USE_ALIAS "Type "Type" true true false 50 Text 0 0,First,#,CountryParksProtect_Dissolve2,Type,0,49;AppearYear "AppearYear" true true false 4 Long 0 0,First,#,CountryParksProtect_Dissolve2,AppearYear,-1,-1;EndYear "EndYear" true true false 4 Long 0 0,First,#,CountryParksProtect_Dissolve2,EndYear,-1,-1" #</Process></lineage><itemProps><itemName Sync="TRUE">CountryParksProtectedAreas</itemName><imsContentType Sync="TRUE">002</imsContentType><itemSize Sync="TRUE">0.000</itemSize><itemLocation><linkage Sync="TRUE">file://\\CUGEO-FS02\HomePGS$\phd2022\1155048803\PhDProject\code_github\archive\HabitatChange\GISData\HumanAct\CountryParksProtectedAreas.shp</linkage><protocol Sync="TRUE">Local Area Network</protocol></itemLocation></itemProps><coordRef><type Sync="TRUE">Projected</type><geogcsn Sync="TRUE">GCS_Hong_Kong_1980</geogcsn><csUnits Sync="TRUE">Linear Unit: Meter (1.000000)</csUnits><projcsn Sync="TRUE">Hong_Kong_1980_Grid</projcsn><peXml Sync="TRUE">&lt;ProjectedCoordinateSystem xsi:type='typens:ProjectedCoordinateSystem' xmlns:xsi='http://www.w3.org/2001/XMLSchema-instance' xmlns:xs='http://www.w3.org/2001/XMLSchema' xmlns:typens='http://www.esri.com/schemas/ArcGIS/3.4.0'&gt;&lt;WKT&gt;PROJCS[&amp;quot;Hong_Kong_1980_Grid&amp;quot;,GEOGCS[&amp;quot;GCS_Hong_Kong_1980&amp;quot;,DATUM[&amp;quot;D_Hong_Kong_1980&amp;quot;,SPHEROID[&amp;quot;International_1924&amp;quot;,6378388.0,297.0]],PRIMEM[&amp;quot;Greenwich&amp;quot;,0.0],UNIT[&amp;quot;Degree&amp;quot;,0.0174532925199433]],PROJECTION[&amp;quot;Transverse_Mercator&amp;quot;],PARAMETER[&amp;quot;False_Easting&amp;quot;,836694.05],PARAMETER[&amp;quot;False_Northing&amp;quot;,819069.8],PARAMETER[&amp;quot;Central_Meridian&amp;quot;,114.1785555555556],PARAMETER[&amp;quot;Scale_Factor&amp;quot;,1.0],PARAMETER[&amp;quot;Latitude_Of_Origin&amp;quot;,22.31213333333334],UNIT[&amp;quot;Meter&amp;quot;,1.0],AUTHORITY[&amp;quot;EPSG&amp;quot;,2326]]&lt;/WKT&gt;&lt;XOrigin&gt;-4786700&lt;/XOrigin&gt;&lt;YOrigin&gt;-11651800&lt;/YOrigin&gt;&lt;XYScale&gt;450249651.57241428&lt;/XYScale&gt;&lt;ZOrigin&gt;-100000&lt;/ZOrigin&gt;&lt;ZScale&gt;10000&lt;/ZScale&gt;&lt;MOrigin&gt;-100000&lt;/MOrigin&gt;&lt;MScale&gt;10000&lt;/MScale&gt;&lt;XYTolerance&gt;0.001&lt;/XYTolerance&gt;&lt;ZTolerance&gt;0.001&lt;/ZTolerance&gt;&lt;MTolerance&gt;0.001&lt;/MTolerance&gt;&lt;HighPrecision&gt;true&lt;/HighPrecision&gt;&lt;WKID&gt;102140&lt;/WKID&gt;&lt;LatestWKID&gt;2326&lt;/LatestWKID&gt;&lt;/ProjectedCoordinateSystem&gt;</peXml></coordRef></DataProperties><SyncDate>20250323</SyncDate><SyncTime>23000700</SyncTime><ModDate>20250323</ModDate><ModTime>23000700</ModTime></Esri><dataIdInfo><envirDesc Sync="TRUE">Microsoft Windows 10 Version 10.0 (Build 19045) ; Esri ArcGIS 13.4.0.55405</envirDesc><dataLang><languageCode value="eng" Sync="TRUE"></languageCode><countryCode value="HKG" Sync="TRUE"></countryCode></dataLang><idCitation><resTitle Sync="TRUE">CountryParksProtectedAreas</resTitle><presForm><PresFormCd value="005" Sync="TRUE"></PresFormCd></presForm></idCitation><spatRpType><SpatRepTypCd value="001" Sync="TRUE"></SpatRepTypCd></spatRpType></dataIdInfo><mdLang><languageCode value="eng" Sync="TRUE"></languageCode><countryCode value="HKG" Sync="TRUE"></countryCode></mdLang><mdChar><CharSetCd value="004" Sync="TRUE"></CharSetCd></mdChar><distInfo><distFormat><formatName Sync="TRUE">Shapefile</formatName></distFormat><distTranOps><transSize Sync="TRUE">0.000</transSize></distTranOps></distInfo><mdHrLv><ScopeCd value="005" Sync="TRUE"></ScopeCd></mdHrLv><mdHrLvName Sync="TRUE">dataset</mdHrLvName><refSysInfo><RefSystem><refSysID><identCode code="2326" Sync="TRUE"></identCode><idCodeSpace Sync="TRUE">EPSG</idCodeSpace><idVersion Sync="TRUE">6.9(9.0.0)</idVersion></refSysID></RefSystem></refSysInfo><spatRepInfo><VectSpatRep><geometObjs Name="CountryParksProtectedAreas"><geoObjTyp><GeoObjTypCd value="002" Sync="TRUE"></GeoObjTypCd></geoObjTyp><geoObjCnt Sync="TRUE">0</geoObjCnt></geometObjs><topLvl><TopoLevCd value="001" Sync="TRUE"></TopoLevCd></topLvl></VectSpatRep></spatRepInfo><spdoinfo><ptvctinf><esriterm Name="CountryParksProtectedAreas"><efeatyp Sync="TRUE">Simple</efeatyp><efeageom code="4" Sync="TRUE"></efeageom><esritopo Sync="TRUE">FALSE</esritopo><efeacnt Sync="TRUE">0</efeacnt><spindex Sync="TRUE">FALSE</spindex><linrefer Sync="TRUE">FALSE</linrefer></esriterm></ptvctinf></spdoinfo><eainfo><detailed Name="CountryParksProtectedAreas"><enttyp><enttypl Sync="TRUE">CountryParksProtectedAreas</enttypl><enttypt Sync="TRUE">Feature Class</enttypt><enttypc Sync="TRUE">0</enttypc></enttyp><attr><attrlabl Sync="TRUE">FID</attrlabl><attalias Sync="TRUE">FID</attalias><attrtype Sync="TRUE">OID</attrtype><attwidth Sync="TRUE">4</attwidth><atprecis Sync="TRUE">0</atprecis><attscale Sync="TRUE">0</attscale><attrdef Sync="TRUE">Internal feature number.</attrdef><attrdefs Sync="TRUE">Esri</attrdefs><attrdomv><udom Sync="TRUE">Sequential unique whole numbers that are automatically generated.</udom></attrdomv></attr><attr><attrlabl Sync="TRUE">Shape</attrlabl><attalias Sync="TRUE">Shape</attalias><attrtype Sync="TRUE">Geometry</attrtype><attwidth Sync="TRUE">0</attwidth><atprecis Sync="TRUE">0</atprecis><attscale Sync="TRUE">0</attscale><attrdef Sync="TRUE">Feature geometry.</attrdef><attrdefs Sync="TRUE">Esri</attrdefs><attrdomv><udom Sync="TRUE">Coordinates defining the features.</udom></attrdomv></attr><attr><attrlabl Sync="TRUE">Type</attrlabl><attalias Sync="TRUE">Type</attalias><attrtype Sync="TRUE">String</attrtype><attwidth Sync="TRUE">50</attwidth><atprecis Sync="TRUE">0</atprecis><attscale Sync="TRUE">0</attscale></attr><attr><attrlabl Sync="TRUE">AppearYear</attrlabl><attalias Sync="TRUE">AppearYear</attalias><attrtype Sync="TRUE">Integer</attrtype><attwidth Sync="TRUE">10</attwidth><atprecis Sync="TRUE">10</atprecis><attscale Sync="TRUE">0</attscale></attr><attr><attrlabl Sync="TRUE">EndYear</attrlabl><attalias Sync="TRUE">EndYear</attalias><attrtype Sync="TRUE">Integer</attrtype><attwidth Sync="TRUE">10</attwidth><atprecis Sync="TRUE">10</atprecis><attscale Sync="TRUE">0</attscale></attr></detailed></eainfo><mdDateSt Sync="TRUE">20250323</mdDateSt></metadata>
